Workbook

Sheet AZ6 RZ1 (ACCIDENT)
O2: Sección transversal efectiva (σ) en barns | V2: Incremental Failure - Accident | X2: Heavy Metal Accident Release | Z2: Fuel Particle Kernel [Non-Intact Accident Release] | AB2: Diffusive Release through Fuel Particle Coatings [Intact Accident Release] | AD2: Graphite (Compact Matrix and Fuel Element) | AF2: FLIBE | AH2: Reactor Building | AJ2: Termino fuente mecanicista (S) (bq) | AM2: =B3 -> Isotopo | AO2: AF 50% | AX2: AF 95%
B3: Isotopo | C3: Isotope [ZZAAA] | D3: Tipo de isotopo | E3: Number Density [atom/b/cm] | F3: Vida Media (Laraweb) — sustituida por NUBASE2020 | G3: Vida Media (copilot) — sustituida por NUBASE2020 | H3: Vida Media (chatGPT) — sustituida por NUBASE2020 | I3: Vida Media (años) | J3: Vida Media (dias) | K3: Vida Media (horas) | L3: Vida Media (minutos) | M3: Sec | N3: Constante de desintegración (λ) | O3: Barn (cm2) a cm | P3: Volumen (cm2) | Q3: Densidad atomica (atom/cm3) | R3: Nº atomos | S3: Actividad (bq) | T3: Actividad (Ci) | U3: Tipo de isotopos | V3: 0.5 | W3: 0.95 | X3: AFHMC 50% | Y3: AFHMC 95% | Z3: AFK 50% | AA3: AFK 95% | AB3: AFDiff 50% | AC3: AFDiff 95% | AD3: AFG 50% | AE3: AFG 95% | AF3: AFFLIBE 50% | AG3: AFFLIBE 95% | AH3: AFRB 50% | AI3: AFRB 95% | AJ3: AF 50% | AK3: AF 95% | AO3: Core Activity | AP3: HMC | AQ3: Kernel | AR3: Diff | AS3: Graphite | AT3: FLIBE | AU3: Reactor Building | AX3: Core Activity | AY3: HMC | AZ3: Kernel | BA3: Diff | BB3: Graphite | BC3: FLIBE | BD3: Reactor Building | BF3: T½ NUBASE2020 | BG3: T½ NUBASE2020 (s) | BH3: Nombre anterior (corregido) | BI3: Grupo químico corregido
B4: C-12 | C4: 6012 | E4: 0.0118211 | G4: Estable | H4: Estable | M4: =IF(ISNUMBER(BG4),BG4,"") | N4: =IF(ISNUMBER(M4),LN(2)/M4,0) -> 0 | O4: =10^-24 -> 1e-24 | P4: =PI()*$K$97^2*$K$98 -> 13978831 | Q4: =E4/O4 -> 1.18211e+22 | R4: =Q4*P4 -> 1.6524516e+29 | S4: =R4*N4 -> 0 | X4: 0.01 | Z4: 0.999 | AJ4: =S4*X4*(1-Z4) -> 0 | BF4: estable
B5: O-16 | C5: 8016 | E5: 0.0354634 | G5: Estable | H5: Estable | M5: =IF(ISNUMBER(BG5),BG5,"") | N5: =IF(ISNUMBER(M5),LN(2)/M5,0) -> 0 | O5: =10^-24 -> 1e-24 | P5: =PI()*$K$97^2*$K$98 -> 13978831 | Q5: =E5/O5 -> 3.54634e+22 | R5: =Q5*P5 -> 4.9573686e+29 | S5: =R5*N5 -> 0 | X5: 0.01 | Z5: 0.999 | AJ5: =S5*X5*(1-Z5) -> 0 | BF5: estable
B6: Kr-83 | C6: 36083 | E6: 1.00841e-05 | G6: Estable | H6: Estable | M6: =IF(ISNUMBER(BG6),BG6,"") | N6: =IF(ISNUMBER(M6),LN(2)/M6,0) -> 0 | O6: =10^-24 -> 1e-24 | P6: =PI()*$K$97^2*$K$98 -> 13978831 | Q6: =E6/O6 -> 1.00841e+19 | R6: =Q6*P6 -> 1.4096393e+26 | S6: =R6*N6 -> 0 | X6: 0.01 | Z6: 0.999 | AJ6: =S6*X6*(1-Z6) -> 0 | BF6: estable
B7: Kr-84 | C7: 36084 | E7: 2.38999e-05 | G7: Estable | H7: Estable | M7: =IF(ISNUMBER(BG7),BG7,"") | N7: =IF(ISNUMBER(M7),LN(2)/M7,0) -> 0 | O7: =10^-24 -> 1e-24 | P7: =PI()*$K$97^2*$K$98 -> 13978831 | Q7: =E7/O7 -> 2.38999e+19 | R7: =Q7*P7 -> 3.3409266e+26 | S7: =R7*N7 -> 0 | X7: 0.01 | Z7: 0.999 | AJ7: =S7*X7*(1-Z7) -> 0 | BF7: estable
B8: Kr-86 | C8: 36086 | E8: 4.04672e-05 | G8: 10.76 años | H8: Estable | M8: =IF(ISNUMBER(BG8),BG8,"") | N8: =IF(ISNUMBER(M8),LN(2)/M8,0) -> 0 | O8: =10^-24 -> 1e-24 | P8: =PI()*$K$97^2*$K$98 -> 13978831 | Q8: =E8/O8 -> 4.04672e+19 | R8: =Q8*P8 -> 5.6568414e+26 | S8: =R8*N8 -> 0 | X8: 0.01 | Z8: 0.999 | AJ8: =S8*X8*(1-Z8) -> 0 | BF8: estable
B9: Rb-85 | C9: 37085 | E9: 2.31987e-05 | G9: Estable | H9: Estable | M9: =IF(ISNUMBER(BG9),BG9,"") | N9: =IF(ISNUMBER(M9),LN(2)/M9,0) -> 0 | O9: =10^-24 -> 1e-24 | P9: =PI()*$K$97^2*$K$98 -> 13978831 | Q9: =E9/O9 -> 2.31987e+19 | R9: =Q9*P9 -> 3.242907e+26 | S9: =R9*N9 -> 0 | X9: 0.01 | Z9: 0.999 | AJ9: =S9*X9*(1-Z9) -> 0 | BF9: estable
B10: Pd-107 | C10: 46107 | D10: Ag, Pd | E10: 2.23939e-05 | G10: 6.5 × 10^6 años | H10: 6.5 × 10⁶ años | I10: 6500000 | M10: =IF(ISNUMBER(BG10),BG10,"") -> 205120019520000 | N10: =IF(ISNUMBER(M10),LN(2)/M10,0) -> 3.3792274e-15 | O10: =10^-24 -> 1e-24 | P10: =PI()*$K$97^2*$K$98 -> 13978831 | Q10: =E10/O10 -> 2.23939e+19 | R10: =Q10*P10 -> 3.1304054e+26 | S10: =R10*N10 -> 1.0578351e+12 | T10: =S10*0.000000000027 -> 28.561549 | U10: =D10 -> Ag, Pd | V10: 3e-05 | W10: 8e-05 | X10: 1 | Y10: 1 | Z10: 1 | AA10: 1 | AB10: 500 | AC10: 100 | AD10: 1 | AE10: 1 | AF10: 100 | AG10: 100 | AH10: 10 | AI10: 2 | AJ10: =$S10*(1/X10)*(1/Z10)*(1/AB10)*(1/AD10)*(1/AF10)*(1/AH10) -> 2115670.3 | AK10: =$S10*(1/Y10)*(1/AA10)*(1/AC10)*(1/AE10)*(1/AG10)*(1/AI10) -> 52891757 | AL10: =AK10*0.000000000027 -> 0.0014280774 | AM10: =B10 -> Pd-107 | AO10: =$S10 -> 1.0578351e+12 | AP10: =$S10*(1/X10) -> 1.0578351e+12 | AQ10: =$S10*(1/X10)*(1/Z10) -> 1.0578351e+12 | AR10: =$S10*(1/X10)*(1/Z10)*(1/AB10) -> 2.1156703e+09 | AS10: =$S10*(1/X10)*(1/Z10)*(1/AB10)*(1/AD10) -> 2.1156703e+09 | AT10: =$S10*(1/X10)*(1/Z10)*(1/AB10)*(1/AD10)*(1/AF10) -> 21156703 | AU10: =$S10*(1/X10)*(1/Z10)*(1/AB10)*(1/AD10)*(1/AF10)*(1/AH10) -> 2115670.3 | AX10: =AO10 -> 1.0578351e+12 | AY10: =AX10*(1/Y10) -> 1.0578351e+12 | AZ10: =AY10*(1/AA10) -> 1.0578351e+12 | BA10: =AZ10*(1/AC10) -> 1.0578351e+10 | BB10: =BA10*(1/AE10) -> 1.0578351e+10 | BC10: =BB10*(1/AG10) -> 1.0578351e+08 | BD10: =BC10*(1/AI10) -> 52891757 | BF10: 6.5 My | BG10: 205120019520000
B11: Sr-88 | C11: 38088 | E11: 7.66113e-05 | G11: 2.9 horas | H11: Estable | M11: =IF(ISNUMBER(BG11),BG11,"") | N11: =IF(ISNUMBER(M11),LN(2)/M11,0) -> 0 | O11: =10^-24 -> 1e-24 | P11: =PI()*$K$97^2*$K$98 -> 13978831 | Q11: =E11/O11 -> 7.66113e+19 | R11: =Q11*P11 -> 1.0709364e+27 | S11: =R11*N11 -> 0 | X11: 0.01 | Z11: 0.999 | AJ11: =S11*X11*(1-Z11) -> 0 | BF11: estable
B12: Rb-87 | C12: 37087 | D12: Cs, Rb | E12: 5.62988e-05 | F12: 49.650 E9 a | G12: 4.88 × 10^10 años | H12: 1.6 × 10⁹ años | I12: 1600000000 | M12: =IF(ISNUMBER(BG12),BG12,"") -> 1.5683792e+18 | N12: =IF(ISNUMBER(M12),LN(2)/M12,0) -> 4.4195126e-19 | O12: =10^-24 -> 1e-24 | P12: =PI()*$K$97^2*$K$98 -> 13978831 | Q12: =E12/O12 -> 5.62988e+19 | R12: =Q12*P12 -> 7.8699139e+26 | S12: =R12*N12 -> 3.4781184e+08 | T12: =S12*0.000000000027 -> 0.0093909197 | U12: =D12 -> Cs, Rb | V12: 3e-05 | W12: 8e-05 | X12: 1 | Y12: 1 | Z12: 1 | AA12: 1 | AB12: =10^7 -> 10000000 | AC12: =2000000 -> 2000000 | AD12: 10 | AE12: 3 | AF12: 100 | AG12: 100 | AH12: 10 | AI12: 2 | AJ12: =$S12*(1/X12)*(1/Z12)*(1/AB12)*(1/AD12)*(1/AF12)*(1/AH12) -> 0.0034781184 | AK12: =$S12*(1/Y12)*(1/AA12)*(1/AC12)*(1/AE12)*(1/AG12)*(1/AI12) -> 0.2898432 | AL12: =AK12*0.000000000027 -> 7.8257664e-12 | AM12: =B12 -> Rb-87 | AO12: =$S12 -> 3.4781184e+08 | AP12: =$S12*(1/X12) -> 3.4781184e+08 | AQ12: =$S12*(1/X12)*(1/Z12) -> 3.4781184e+08 | AR12: =$S12*(1/X12)*(1/Z12)*(1/AB12) -> 34.781184 | AS12: =$S12*(1/X12)*(1/Z12)*(1/AB12)*(1/AD12) -> 3.4781184 | AT12: =$S12*(1/X12)*(1/Z12)*(1/AB12)*(1/AD12)*(1/AF12) -> 0.034781184 | AU12: =$S12*(1/X12)*(1/Z12)*(1/AB12)*(1/AD12)*(1/AF12)*(1/AH12) -> 0.0034781184 | AX12: =AO12 -> 3.4781184e+08 | AY12: =AX12*(1/Y12) -> 3.4781184e+08 | AZ12: =AY12*(1/AA12) -> 3.4781184e+08 | BA12: =AZ12*(1/AC12) -> 173.90592 | BB12: =BA12*(1/AE12) -> 57.96864 | BC12: =BB12*(1/AG12) -> 0.5796864 | BD12: =BC12*(1/AI12) -> 0.2898432 | BF12: 49.7 Gy | BG12: 1.5683792e+18
B13: Cs-135 | C13: 55135 | D13: Cs, Rb | E13: 2.74688e-05 | F13: 2.3 E6 a | G13: 2.3 × 10^6 años | H13: 2.3 × 10⁶ años | I13: 2300000 | M13: =IF(ISNUMBER(BG13),BG13,"") -> 41970711686400 | N13: =IF(ISNUMBER(M13),LN(2)/M13,0) -> 1.6515021e-14 | O13: =10^-24 -> 1e-24 | P13: =PI()*$K$97^2*$K$98 -> 13978831 | Q13: =E13/O13 -> 2.74688e+19 | R13: =Q13*P13 -> 3.839817e+26 | S13: =R13*N13 -> 6.3414659e+12 | T13: =S13*0.000000000027 -> 171.21958 | U13: =D13 -> Cs, Rb | V13: 3e-05 | W13: 8e-05 | X13: 1 | Y13: 1 | Z13: 1 | AA13: 1 | AB13: =10^7 -> 10000000 | AC13: =2000000 -> 2000000 | AD13: 10 | AE13: 3 | AF13: 100 | AG13: 100 | AH13: 10 | AI13: 2 | AJ13: =$S13*(1/X13)*(1/Z13)*(1/AB13)*(1/AD13)*(1/AF13)*(1/AH13) -> 63.414659 | AK13: =$S13*(1/Y13)*(1/AA13)*(1/AC13)*(1/AE13)*(1/AG13)*(1/AI13) -> 5284.5549 | AL13: =AK13*0.000000000027 -> 1.4268298e-07 | AM13: =B13 -> Cs-135 | AO13: =$S13 -> 6.3414659e+12 | AP13: =$S13*(1/X13) -> 6.3414659e+12 | AQ13: =$S13*(1/X13)*(1/Z13) -> 6.3414659e+12 | AR13: =$S13*(1/X13)*(1/Z13)*(1/AB13) -> 634146.59 | AS13: =$S13*(1/X13)*(1/Z13)*(1/AB13)*(1/AD13) -> 63414.659 | AT13: =$S13*(1/X13)*(1/Z13)*(1/AB13)*(1/AD13)*(1/AF13) -> 634.14659 | AU13: =$S13*(1/X13)*(1/Z13)*(1/AB13)*(1/AD13)*(1/AF13)*(1/AH13) -> 63.414659 | AX13: =AO13 -> 6.3414659e+12 | AY13: =AX13*(1/Y13) -> 6.3414659e+12 | AZ13: =AY13*(1/AA13) -> 6.3414659e+12 | BA13: =AZ13*(1/AC13) -> 3170732.9 | BB13: =BA13*(1/AE13) -> 1056911 | BC13: =BB13*(1/AG13) -> 10569.11 | BD13: =BC13*(1/AI13) -> 5284.5549 | BF13: 1.33 My | BG13: 41970711686400
B14: Y-89 | C14: 39089 | E14: 7.85848e-05 | G14: Estable | H14: Estable | M14: =IF(ISNUMBER(BG14),BG14,"") | N14: =IF(ISNUMBER(M14),LN(2)/M14,0) -> 0 | O14: =10^-24 -> 1e-24 | P14: =PI()*$K$97^2*$K$98 -> 13978831 | Q14: =E14/O14 -> 7.85848e+19 | R14: =Q14*P14 -> 1.0985236e+27 | S14: =R14*N14 -> 0 | X14: 0.01 | Z14: 0.999 | AJ14: =S14*X14*(1-Z14) -> 0 | BF14: estable
B15: Cs-137 | C15: 55137 | D15: Cs, Rb | E15: 0.000156865 | F15: 30.018 a | G15: 30.17 años | H15: 30.17 años | I15: 30.17 | M15: =IF(ISNUMBER(BG15),BG15,"") -> 9.4797006e+08 | N15: =IF(ISNUMBER(M15),LN(2)/M15,0) -> 7.3119101e-10 | O15: =10^-24 -> 1e-24 | P15: =PI()*$K$97^2*$K$98 -> 13978831 | Q15: =E15/O15 -> 1.56865e+20 | R15: =Q15*P15 -> 2.1927893e+27 | S15: =R15*N15 -> 1.6033478e+18 | T15: =S15*0.000000000027 -> 43290390 | U15: =D15 -> Cs, Rb | V15: 3e-05 | W15: 8e-05 | X15: 1 | Y15: 1 | Z15: 1 | AA15: 1 | AB15: =10^7 -> 10000000 | AC15: =2000000 -> 2000000 | AD15: 10 | AE15: 3 | AF15: 100 | AG15: 100 | AH15: 10 | AI15: 2 | AJ15: =$S15*(1/X15)*(1/Z15)*(1/AB15)*(1/AD15)*(1/AF15)*(1/AH15) -> 16033478 | AK15: =$S15*(1/Y15)*(1/AA15)*(1/AC15)*(1/AE15)*(1/AG15)*(1/AI15) -> 1.3361232e+09 | AL15: =AK15*0.000000000027 -> 0.036075325 | AM15: =B15 -> Cs-137 | AO15: =$S15 -> 1.6033478e+18 | AP15: =$S15*(1/X15) -> 1.6033478e+18 | AQ15: =$S15*(1/X15)*(1/Z15) -> 1.6033478e+18 | AR15: =$S15*(1/X15)*(1/Z15)*(1/AB15) -> 1.6033478e+11 | AS15: =$S15*(1/X15)*(1/Z15)*(1/AB15)*(1/AD15) -> 1.6033478e+10 | AT15: =$S15*(1/X15)*(1/Z15)*(1/AB15)*(1/AD15)*(1/AF15) -> 1.6033478e+08 | AU15: =$S15*(1/X15)*(1/Z15)*(1/AB15)*(1/AD15)*(1/AF15)*(1/AH15) -> 16033478 | AX15: =AO15 -> 1.6033478e+18 | AY15: =AX15*(1/Y15) -> 1.6033478e+18 | AZ15: =AY15*(1/AA15) -> 1.6033478e+18 | BA15: =AZ15*(1/AC15) -> 8.016739e+11 | BB15: =BA15*(1/AE15) -> 2.6722463e+11 | BC15: =BB15*(1/AG15) -> 2.6722463e+09 | BD15: =BC15*(1/AI15) -> 1.3361232e+09 | BF15: 30.04 y | BG15: 9.4797006e+08
B16: Zr-91 | C16: 40091 | E16: 9.39238e-05 | G16: Estable | H16: Estable | M16: =IF(ISNUMBER(BG16),BG16,"") | N16: =IF(ISNUMBER(M16),LN(2)/M16,0) -> 0 | O16: =10^-24 -> 1e-24 | P16: =PI()*$K$97^2*$K$98 -> 13978831 | Q16: =E16/O16 -> 9.39238e+19 | R16: =Q16*P16 -> 1.3129449e+27 | S16: =R16*N16 -> 0 | X16: 0.01 | Z16: 0.999 | AJ16: =S16*X16*(1-Z16) -> 0 | BF16: estable
B17: Zr-92 | C17: 40092 | E17: 0.000134476 | G17: Estable | H17: Estable | M17: =IF(ISNUMBER(BG17),BG17,"") | N17: =IF(ISNUMBER(M17),LN(2)/M17,0) -> 0 | O17: =10^-24 -> 1e-24 | P17: =PI()*$K$97^2*$K$98 -> 13978831 | Q17: =E17/O17 -> 1.34476e+20 | R17: =Q17*P17 -> 1.8798172e+27 | S17: =R17*N17 -> 0 | X17: 0.01 | Z17: 0.999 | AJ17: =S17*X17*(1-Z17) -> 0 | BF17: estable
B18: Xe-133 | C18: 54133 | D18: Gases nobles | E18: 5.19994e-06 | F18: 5.2441 d | G18: 5.243 días | H18: 5.25 días | J18: 5.25 | M18: =IF(ISNUMBER(BG18),BG18,"") -> 453375.36 | N18: =IF(ISNUMBER(M18),LN(2)/M18,0) -> 1.5288594e-06 | O18: =10^-24 -> 1e-24 | P18: =PI()*$K$97^2*$K$98 -> 13978831 | Q18: =E18/O18 -> 5.19994e+18 | R18: =Q18*P18 -> 7.2689081e+25 | S18: =R18*N18 -> 1.1113138e+20 | T18: =S18*0.000000000027 -> 3.0005474e+09 | U18: =D18 -> Gases nobles | V18: 3e-05 | W18: 8e-05 | X18: 2 | Y18: 1 | Z18: 10 | AA18: 5 | AB18: 10000000 | AC18: 2000000 | AD18: 1 | AE18: 1 | AF18: 100 | AG18: 100 | AH18: 1 | AI18: 1 | AJ18: =$S18*(1/X18)*(1/Z18)*(1/AB18)*(1/AD18)*(1/AF18)*(1/AH18) -> 5.5565692e+09 | AK18: =$S18*(1/Y18)*(1/AA18)*(1/AC18)*(1/AE18)*(1/AG18)*(1/AI18) -> 1.1113138e+11 | AL18: =AK18*0.000000000027 -> 3.0005474 | AM18: =B18 -> Xe-133 | AO18: =$S18 -> 1.1113138e+20 | AP18: =$S18*(1/X18) -> 5.5565692e+19 | AQ18: =$S18*(1/X18)*(1/Z18) -> 5.5565692e+18 | AR18: =$S18*(1/X18)*(1/Z18)*(1/AB18) -> 5.5565692e+11 | AS18: =$S18*(1/X18)*(1/Z18)*(1/AB18)*(1/AD18) -> 5.5565692e+11 | AT18: =$S18*(1/X18)*(1/Z18)*(1/AB18)*(1/AD18)*(1/AF18) -> 5.5565692e+09 | AU18: =$S18*(1/X18)*(1/Z18)*(1/AB18)*(1/AD18)*(1/AF18)*(1/AH18) -> 5.5565692e+09 | AX18: =AO18 -> 1.1113138e+20 | AY18: =AX18*(1/Y18) -> 1.1113138e+20 | AZ18: =AY18*(1/AA18) -> 2.2226277e+19 | BA18: =AZ18*(1/AC18) -> 1.1113138e+13 | BB18: =BA18*(1/AE18) -> 1.1113138e+13 | BC18: =BB18*(1/AG18) -> 1.1113138e+11 | BD18: =BC18*(1/AI18) -> 1.1113138e+11 | BF18: 5.2474 d | BG18: 453375.36
B19: Zr-94 | C19: 40094 | E19: 0.000151425 | G19: Estable | H19: Estable | M19: =IF(ISNUMBER(BG19),BG19,"") | N19: =IF(ISNUMBER(M19),LN(2)/M19,0) -> 0 | O19: =10^-24 -> 1e-24 | P19: =PI()*$K$97^2*$K$98 -> 13978831 | Q19: =E19/O19 -> 1.51425e+20 | R19: =Q19*P19 -> 2.1167444e+27 | S19: =R19*N19 -> 0 | X19: 0.01 | Z19: 0.999 | AJ19: =S19*X19*(1-Z19) -> 0 | BF19: estable
B20: Xe-135 | C20: 54135 | D20: Gases nobles | E20: 5.29262e-08 | F20: 9.14 h | G20: 9.14 horas | H20: 9.14 horas | K20: 9.14 | M20: =IF(ISNUMBER(BG20),BG20,"") -> 32904 | N20: =IF(ISNUMBER(M20),LN(2)/M20,0) -> 2.1065742e-05 | O20: =10^-24 -> 1e-24 | P20: =PI()*$K$97^2*$K$98 -> 13978831 | Q20: =E20/O20 -> 5.29262e+16 | R20: =Q20*P20 -> 7.3984639e+23 | S20: =R20*N20 -> 1.5585413e+19 | T20: =S20*0.000000000027 -> 4.2080616e+08 | U20: =D20 -> Gases nobles | V20: 3e-05 | W20: 8e-05 | X20: 2 | Y20: 1 | Z20: 10 | AA20: 5 | AB20: 10000000 | AC20: 2000000 | AD20: 1 | AE20: 1 | AF20: 100 | AG20: 100 | AH20: 1 | AI20: 1 | AJ20: =$S20*(1/X20)*(1/Z20)*(1/AB20)*(1/AD20)*(1/AF20)*(1/AH20) -> 7.7927066e+08 | AK20: =$S20*(1/Y20)*(1/AA20)*(1/AC20)*(1/AE20)*(1/AG20)*(1/AI20) -> 1.5585413e+10 | AL20: =AK20*0.000000000027 -> 0.42080616 | AM20: =B20 -> Xe-135 | AO20: =$S20 -> 1.5585413e+19 | AP20: =$S20*(1/X20) -> 7.7927066e+18 | AQ20: =$S20*(1/X20)*(1/Z20) -> 7.7927066e+17 | AR20: =$S20*(1/X20)*(1/Z20)*(1/AB20) -> 7.7927066e+10 | AS20: =$S20*(1/X20)*(1/Z20)*(1/AB20)*(1/AD20) -> 7.7927066e+10 | AT20: =$S20*(1/X20)*(1/Z20)*(1/AB20)*(1/AD20)*(1/AF20) -> 7.7927066e+08 | AU20: =$S20*(1/X20)*(1/Z20)*(1/AB20)*(1/AD20)*(1/AF20)*(1/AH20) -> 7.7927066e+08 | AX20: =AO20 -> 1.5585413e+19 | AY20: =AX20*(1/Y20) -> 1.5585413e+19 | AZ20: =AY20*(1/AA20) -> 3.1170827e+18 | BA20: =AZ20*(1/AC20) -> 1.5585413e+12 | BB20: =BA20*(1/AE20) -> 1.5585413e+12 | BC20: =BB20*(1/AG20) -> 1.5585413e+10 | BD20: =BC20*(1/AI20) -> 1.5585413e+10 | BF20: 9.14 h | BG20: 32904
B21: Zr-96 | C21: 40096 | E21: 0.000151236 | G21: Estable | H21: Estable | M21: =IF(ISNUMBER(BG21),BG21,"") | N21: =IF(ISNUMBER(M21),LN(2)/M21,0) -> 0 | O21: =10^-24 -> 1e-24 | P21: =PI()*$K$97^2*$K$98 -> 13978831 | Q21: =E21/O21 -> 1.51236e+20 | R21: =Q21*P21 -> 2.1141024e+27 | S21: =R21*N21 -> 0 | X21: 0.01 | Z21: 0.999 | AJ21: =S21*X21*(1-Z21) -> 0 | BF21: 23.4 Ey (estable a efectos prácticos)
B22: I-129 | C22: 53129 | D22: I, Br, Se, Te | E22: 1.74196e-05 | F22: 16.1 E6 a | G22: 1.57 × 10^7 años | H22: 1.57 × 10⁷ años | I22: 15700000 | M22: =IF(ISNUMBER(BG22),BG22,"") -> 509328786931200 | N22: =IF(ISNUMBER(M22),LN(2)/M22,0) -> 1.3609032e-15 | O22: =10^-24 -> 1e-24 | P22: =PI()*$K$97^2*$K$98 -> 13978831 | Q22: =E22/O22 -> 1.74196e+19 | R22: =Q22*P22 -> 2.4350564e+26 | S22: =R22*N22 -> 3.3138761e+11 | T22: =S22*0.000000000027 -> 8.9474653 | U22: =D22 -> I, Br, Se, Te | V22: 3e-05 | W22: 8e-05 | X22: 2 | Y22: 1 | Z22: 10 | AA22: 5 | AB22: =10^7 -> 10000000 | AC22: =2000000 -> 2000000 | AD22: 1 | AE22: 1 | AF22: 100 | AG22: 100 | AH22: 10 | AI22: 2 | AJ22: =$S22*(1/X22)*(1/Z22)*(1/AB22)*(1/AD22)*(1/AF22)*(1/AH22) -> 1.656938 | AK22: =$S22*(1/Y22)*(1/AA22)*(1/AC22)*(1/AE22)*(1/AG22)*(1/AI22) -> 165.6938 | AL22: =AK22*0.000000000027 -> 4.4737327e-09 | AM22: =B22 -> I-129 | AO22: =$S22 -> 3.3138761e+11 | AP22: =$S22*(1/X22) -> 1.656938e+11 | AQ22: =$S22*(1/X22)*(1/Z22) -> 1.656938e+10 | AR22: =$S22*(1/X22)*(1/Z22)*(1/AB22) -> 1656.938 | AS22: =$S22*(1/X22)*(1/Z22)*(1/AB22)*(1/AD22) -> 1656.938 | AT22: =$S22*(1/X22)*(1/Z22)*(1/AB22)*(1/AD22)*(1/AF22) -> 16.56938 | AU22: =$S22*(1/X22)*(1/Z22)*(1/AB22)*(1/AD22)*(1/AF22)*(1/AH22) -> 1.656938 | AX22: =AO22 -> 3.3138761e+11 | AY22: =AX22*(1/Y22) -> 3.3138761e+11 | AZ22: =AY22*(1/AA22) -> 6.6277521e+10 | BA22: =AZ22*(1/AC22) -> 33138.761 | BB22: =BA22*(1/AE22) -> 33138.761 | BC22: =BB22*(1/AG22) -> 331.38761 | BD22: =BC22*(1/AI22) -> 165.6938 | BF22: 16.14 My | BG22: 509328786931200
B23: Mo-95 | C23: 42095 | E23: 8.55988e-05 | G23: Estable | H23: Estable | M23: =IF(ISNUMBER(BG23),BG23,"") | N23: =IF(ISNUMBER(M23),LN(2)/M23,0) -> 0 | O23: =10^-24 -> 1e-24 | P23: =PI()*$K$97^2*$K$98 -> 13978831 | Q23: =E23/O23 -> 8.55988e+19 | R23: =Q23*P23 -> 1.1965711e+27 | S23: =R23*N23 -> 0 | X23: 0.01 | Z23: 0.999 | AJ23: =S23*X23*(1-Z23) -> 0 | BF23: estable
B24: Mo-97 | C24: 42097 | E24: 0.000108613 | G24: Estable | H24: Estable | M24: =IF(ISNUMBER(BG24),BG24,"") | N24: =IF(ISNUMBER(M24),LN(2)/M24,0) -> 0 | O24: =10^-24 -> 1e-24 | P24: =PI()*$K$97^2*$K$98 -> 13978831 | Q24: =E24/O24 -> 1.08613e+20 | R24: =Q24*P24 -> 1.5182827e+27 | S24: =R24*N24 -> 0 | X24: 0.01 | Z24: 0.999 | AJ24: =S24*X24*(1-Z24) -> 0 | BF24: estable
B25: Mo-98 | C25: 42098 | E25: 0.000145386 | G25: Estable | H25: Estable | M25: =IF(ISNUMBER(BG25),BG25,"") | N25: =IF(ISNUMBER(M25),LN(2)/M25,0) -> 0 | O25: =10^-24 -> 1e-24 | P25: =PI()*$K$97^2*$K$98 -> 13978831 | Q25: =E25/O25 -> 1.45386e+20 | R25: =Q25*P25 -> 2.0323263e+27 | S25: =R25*N25 -> 0 | X25: 0.01 | Z25: 0.999 | AJ25: =S25*X25*(1-Z25) -> 0 | BF25: estable
B26: Mo-100 | C26: 42100 | E26: 0.000160969 | G26: Estable | H26: Estable | M26: =IF(ISNUMBER(BG26),BG26,"") | N26: =IF(ISNUMBER(M26),LN(2)/M26,0) -> 0 | O26: =10^-24 -> 1e-24 | P26: =PI()*$K$97^2*$K$98 -> 13978831 | Q26: =E26/O26 -> 1.60969e+20 | R26: =Q26*P26 -> 2.2501584e+27 | S26: =R26*N26 -> 0 | X26: 0.01 | Z26: 0.999 | AJ26: =S26*X26*(1-Z26) -> 0 | BF26: 7.07 Ey (estable a efectos prácticos)
B27: Tc-99 | C27: 43099 | D27: Mo, Ru, Rh, Tc | E27: 0.000135738 | F27: 211.5 E3 a | G27: 2.11 × 10^5 años | H27: 2.13 × 10⁵ años | I27: 213000 | M27: =IF(ISNUMBER(BG27),BG27,"") -> 6661667095488 | N27: =IF(ISNUMBER(M27),LN(2)/M27,0) -> 1.0405011e-13 | O27: =10^-24 -> 1e-24 | P27: =PI()*$K$97^2*$K$98 -> 13978831 | Q27: =E27/O27 -> 1.35738e+20 | R27: =Q27*P27 -> 1.8974585e+27 | S27: =R27*N27 -> 197430763636864 | T27: =S27*0.000000000027 -> 5330.6306 | U27: =D27 -> Mo, Ru, Rh, Tc | V27: 3e-05 | W27: 8e-05 | X27: 1 | Y27: 1 | Z27: 100 | AA27: 50 | AB27: =10^7 -> 10000000 | AC27: =2000000 -> 2000000 | AD27: 10 | AE27: 3 | AF27: 100 | AG27: 100 | AH27: 10 | AI27: 2 | AJ27: =$S27*(1/X27)*(1/Z27)*(1/AB27)*(1/AD27)*(1/AF27)*(1/AH27) -> 19.743076 | AK27: =$S27*(1/Y27)*(1/AA27)*(1/AC27)*(1/AE27)*(1/AG27)*(1/AI27) -> 3290.5127 | AL27: =AK27*0.000000000027 -> 8.8843844e-08 | AM27: =B27 -> Tc-99 | AO27: =$S27 -> 197430763636864 | AP27: =$S27*(1/X27) -> 197430763636864 | AQ27: =$S27*(1/X27)*(1/Z27) -> 1.9743076e+12 | AR27: =$S27*(1/X27)*(1/Z27)*(1/AB27) -> 197430.76 | AS27: =$S27*(1/X27)*(1/Z27)*(1/AB27)*(1/AD27) -> 19743.076 | AT27: =$S27*(1/X27)*(1/Z27)*(1/AB27)*(1/AD27)*(1/AF27) -> 197.43076 | AU27: =$S27*(1/X27)*(1/Z27)*(1/AB27)*(1/AD27)*(1/AF27)*(1/AH27) -> 19.743076 | AX27: =AO27 -> 197430763636864 | AY27: =AX27*(1/Y27) -> 197430763636864 | AZ27: =AY27*(1/AA27) -> 3.9486153e+12 | BA27: =AZ27*(1/AC27) -> 1974307.6 | BB27: =BA27*(1/AE27) -> 658102.55 | BC27: =BB27*(1/AG27) -> 6581.0255 | BD27: =BC27*(1/AI27) -> 3290.5127 | BF27: 211.1 ky | BG27: 6661667095488
B28: Ru-100 | C28: 44100 | E28: 1.63406e-05 | G28: Estable | H28: Estable | M28: =IF(ISNUMBER(BG28),BG28,"") | N28: =IF(ISNUMBER(M28),LN(2)/M28,0) -> 0 | O28: =10^-24 -> 1e-24 | P28: =PI()*$K$97^2*$K$98 -> 13978831 | Q28: =E28/O28 -> 1.63406e+19 | R28: =Q28*P28 -> 2.2842248e+26 | S28: =R28*N28 -> 0 | X28: 0.01 | Z28: 0.999 | AJ28: =S28*X28*(1-Z28) -> 0 | BF28: estable
B29: Ru-101 | C29: 44101 | E29: 0.000130448 | G29: Estable | H29: Estable | M29: =IF(ISNUMBER(BG29),BG29,"") | N29: =IF(ISNUMBER(M29),LN(2)/M29,0) -> 0 | O29: =10^-24 -> 1e-24 | P29: =PI()*$K$97^2*$K$98 -> 13978831 | Q29: =E29/O29 -> 1.30448e+20 | R29: =Q29*P29 -> 1.8235105e+27 | S29: =R29*N29 -> 0 | X29: 0.01 | Z29: 0.999 | AJ29: =S29*X29*(1-Z29) -> 0 | BF29: estable
B30: Ru-102 | C30: 44102 | E30: 0.000124524 | G30: Estable | H30: Estable | M30: =IF(ISNUMBER(BG30),BG30,"") | N30: =IF(ISNUMBER(M30),LN(2)/M30,0) -> 0 | O30: =10^-24 -> 1e-24 | P30: =PI()*$K$97^2*$K$98 -> 13978831 | Q30: =E30/O30 -> 1.24524e+20 | R30: =Q30*P30 -> 1.7406999e+27 | S30: =R30*N30 -> 0 | X30: 0.01 | Z30: 0.999 | AJ30: =S30*X30*(1-Z30) -> 0 | BF30: estable
B31: Ru-103 | C31: 44103 | D31: Mo, Ru, Rh, Tc | E31: 2.04804e-05 | F31: 39.255 d | G31: 39.26 días | H31: 39.26 días | J31: 39.62 | M31: =IF(ISNUMBER(BG31),BG31,"") -> 3390768 | N31: =IF(ISNUMBER(M31),LN(2)/M31,0) -> 2.0442188e-07 | O31: =10^-24 -> 1e-24 | P31: =PI()*$K$97^2*$K$98 -> 13978831 | Q31: =E31/O31 -> 2.04804e+19 | R31: =Q31*P31 -> 2.8629204e+26 | S31: =R31*N31 -> 5.8524359e+19 | T31: =S31*0.000000000027 -> 1.5801577e+09 | U31: =D31 -> Mo, Ru, Rh, Tc | V31: 3e-05 | W31: 8e-05 | X31: 1 | Y31: 1 | Z31: 100 | AA31: 50 | AB31: =10^7 -> 10000000 | AC31: =2000000 -> 2000000 | AD31: 10 | AE31: 3 | AF31: 100 | AG31: 100 | AH31: 10 | AI31: 2 | AJ31: =$S31*(1/X31)*(1/Z31)*(1/AB31)*(1/AD31)*(1/AF31)*(1/AH31) -> 5852435.9 | AK31: =$S31*(1/Y31)*(1/AA31)*(1/AC31)*(1/AE31)*(1/AG31)*(1/AI31) -> 9.7540598e+08 | AL31: =AK31*0.000000000027 -> 0.026335961 | AM31: =B31 -> Ru-103 | AO31: =$S31 -> 5.8524359e+19 | AP31: =$S31*(1/X31) -> 5.8524359e+19 | AQ31: =$S31*(1/X31)*(1/Z31) -> 5.8524359e+17 | AR31: =$S31*(1/X31)*(1/Z31)*(1/AB31) -> 5.8524359e+10 | AS31: =$S31*(1/X31)*(1/Z31)*(1/AB31)*(1/AD31) -> 5.8524359e+09 | AT31: =$S31*(1/X31)*(1/Z31)*(1/AB31)*(1/AD31)*(1/AF31) -> 58524359 | AU31: =$S31*(1/X31)*(1/Z31)*(1/AB31)*(1/AD31)*(1/AF31)*(1/AH31) -> 5852435.9 | AX31: =AO31 -> 5.8524359e+19 | AY31: =AX31*(1/Y31) -> 5.8524359e+19 | AZ31: =AY31*(1/AA31) -> 1.1704872e+18 | BA31: =AZ31*(1/AC31) -> 5.8524359e+11 | BB31: =BA31*(1/AE31) -> 1.950812e+11 | BC31: =BB31*(1/AG31) -> 1.950812e+09 | BD31: =BC31*(1/AI31) -> 9.7540598e+08 | BF31: 39.245 d | BG31: 3390768
B32: Ru-104 | C32: 44104 | E32: 7.27908e-05 | G32: Estable | H32: Estable | M32: =IF(ISNUMBER(BG32),BG32,"") | N32: =IF(ISNUMBER(M32),LN(2)/M32,0) -> 0 | O32: =10^-24 -> 1e-24 | P32: =PI()*$K$97^2*$K$98 -> 13978831 | Q32: =E32/O32 -> 7.27908e+19 | R32: =Q32*P32 -> 1.0175303e+27 | S32: =R32*N32 -> 0 | X32: 0.01 | Z32: 0.999 | AJ32: =S32*X32*(1-Z32) -> 0 | BF32: estable
B33: Ru-106 | C33: 44106 | D33: Mo, Ru, Rh, Tc | E33: 2.6273e-05 | F33: 371.5 d | G33: 373.59 días | H33: 373.6 días | J33: 373.6 | M33: =IF(ISNUMBER(BG33),BG33,"") -> 32123520 | N33: =IF(ISNUMBER(M33),LN(2)/M33,0) -> 2.157756e-08 | O33: =10^-24 -> 1e-24 | P33: =PI()*$K$97^2*$K$98 -> 13978831 | Q33: =E33/O33 -> 2.6273e+19 | R33: =Q33*P33 -> 3.6726582e+26 | S33: =R33*N33 -> 7.9247002e+18 | T33: =S33*0.000000000027 -> 2.1396691e+08 | U33: =D33 -> Mo, Ru, Rh, Tc | V33: 3e-05 | W33: 8e-05 | X33: 1 | Y33: 1 | Z33: 100 | AA33: 50 | AB33: =10^7 -> 10000000 | AC33: =2000000 -> 2000000 | AD33: 10 | AE33: 3 | AF33: 100 | AG33: 100 | AH33: 10 | AI33: 2 | AJ33: =$S33*(1/X33)*(1/Z33)*(1/AB33)*(1/AD33)*(1/AF33)*(1/AH33) -> 792470.02 | AK33: =$S33*(1/Y33)*(1/AA33)*(1/AC33)*(1/AE33)*(1/AG33)*(1/AI33) -> 1.3207834e+08 | AL33: =AK33*0.000000000027 -> 0.0035661151 | AM33: =B33 -> Ru-106 | AO33: =$S33 -> 7.9247002e+18 | AP33: =$S33*(1/X33) -> 7.9247002e+18 | AQ33: =$S33*(1/X33)*(1/Z33) -> 7.9247002e+16 | AR33: =$S33*(1/X33)*(1/Z33)*(1/AB33) -> 7.9247002e+09 | AS33: =$S33*(1/X33)*(1/Z33)*(1/AB33)*(1/AD33) -> 7.9247002e+08 | AT33: =$S33*(1/X33)*(1/Z33)*(1/AB33)*(1/AD33)*(1/AF33) -> 7924700.2 | AU33: =$S33*(1/X33)*(1/Z33)*(1/AB33)*(1/AD33)*(1/AF33)*(1/AH33) -> 792470.02 | AX33: =AO33 -> 7.9247002e+18 | AY33: =AX33*(1/Y33) -> 7.9247002e+18 | AZ33: =AY33*(1/AA33) -> 1.58494e+17 | BA33: =AZ33*(1/AC33) -> 7.9247002e+10 | BB33: =BA33*(1/AE33) -> 2.6415667e+10 | BC33: =BB33*(1/AG33) -> 2.6415667e+08 | BD33: =BC33*(1/AI33) -> 1.3207834e+08 | BF33: 371.8 d | BG33: 32123520
B34: Rh-103 | C34: 45103 | E34: 5.49655e-05 | G34: Estable | H34: Estable | M34: =IF(ISNUMBER(BG34),BG34,"") | N34: =IF(ISNUMBER(M34),LN(2)/M34,0) -> 0 | O34: =10^-24 -> 1e-24 | P34: =PI()*$K$97^2*$K$98 -> 13978831 | Q34: =E34/O34 -> 5.49655e+19 | R34: =Q34*P34 -> 7.6835342e+26 | S34: =R34*N34 -> 0 | X34: 0.01 | Z34: 0.999 | AJ34: =S34*X34*(1-Z34) -> 0 | BF34: estable
B35: Rh-105 | C35: 45105 | D35: Mo, Ru, Rh, Tc | E35: 4.30968e-07 | G35: 35.36 horas | H35: 35.36 horas | K35: 35.36 | M35: =IF(ISNUMBER(BG35),BG35,"") -> 127227.6 | N35: =IF(ISNUMBER(M35),LN(2)/M35,0) -> 5.4480882e-06 | O35: =10^-24 -> 1e-24 | P35: =PI()*$K$97^2*$K$98 -> 13978831 | Q35: =E35/O35 -> 4.30968e+17 | R35: =Q35*P35 -> 6.0244287e+24 | S35: =R35*N35 -> 3.2821619e+19 | T35: =S35*0.000000000027 -> 8.861837e+08 | U35: =D35 -> Mo, Ru, Rh, Tc | V35: 3e-05 | W35: 8e-05 | X35: 1 | Y35: 1 | Z35: 100 | AA35: 50 | AB35: =10^7 -> 10000000 | AC35: =2000000 -> 2000000 | AD35: 10 | AE35: 3 | AF35: 100 | AG35: 100 | AH35: 10 | AI35: 2 | AJ35: =$S35*(1/X35)*(1/Z35)*(1/AB35)*(1/AD35)*(1/AF35)*(1/AH35) -> 3282161.9 | AK35: =$S35*(1/Y35)*(1/AA35)*(1/AC35)*(1/AE35)*(1/AG35)*(1/AI35) -> 5.4702698e+08 | AL35: =AK35*0.000000000027 -> 0.014769728 | AM35: =B35 -> Rh-105 | AO35: =$S35 -> 3.2821619e+19 | AP35: =$S35*(1/X35) -> 3.2821619e+19 | AQ35: =$S35*(1/X35)*(1/Z35) -> 3.2821619e+17 | AR35: =$S35*(1/X35)*(1/Z35)*(1/AB35) -> 3.2821619e+10 | AS35: =$S35*(1/X35)*(1/Z35)*(1/AB35)*(1/AD35) -> 3.2821619e+09 | AT35: =$S35*(1/X35)*(1/Z35)*(1/AB35)*(1/AD35)*(1/AF35) -> 32821619 | AU35: =$S35*(1/X35)*(1/Z35)*(1/AB35)*(1/AD35)*(1/AF35)*(1/AH35) -> 3282161.9 | AX35: =AO35 -> 3.2821619e+19 | AY35: =AX35*(1/Y35) -> 3.2821619e+19 | AZ35: =AY35*(1/AA35) -> 6.5643237e+17 | BA35: =AZ35*(1/AC35) -> 3.2821619e+11 | BB35: =BA35*(1/AE35) -> 1.094054e+11 | BC35: =BB35*(1/AG35) -> 1.094054e+09 | BD35: =BC35*(1/AI35) -> 5.4702698e+08 | BF35: 35.341 h | BG35: 127227.6
B36: Pd-105 | C36: 46105 | E36: 4.12532e-05 | G36: Estable | H36: Estable | M36: =IF(ISNUMBER(BG36),BG36,"") | N36: =IF(ISNUMBER(M36),LN(2)/M36,0) -> 0 | O36: =10^-24 -> 1e-24 | P36: =PI()*$K$97^2*$K$98 -> 13978831 | Q36: =E36/O36 -> 4.12532e+19 | R36: =Q36*P36 -> 5.766715e+26 | S36: =R36*N36 -> 0 | X36: 0.01 | Z36: 0.999 | AJ36: =S36*X36*(1-Z36) -> 0 | BF36: estable
B37: Pd-106 | C37: 46106 | E37: 1.77633e-05 | G37: Estable | H37: Estable | M37: =IF(ISNUMBER(BG37),BG37,"") | N37: =IF(ISNUMBER(M37),LN(2)/M37,0) -> 0 | O37: =10^-24 -> 1e-24 | P37: =PI()*$K$97^2*$K$98 -> 13978831 | Q37: =E37/O37 -> 1.77633e+19 | R37: =Q37*P37 -> 2.4831016e+26 | S37: =R37*N37 -> 0 | X37: 0.01 | Z37: 0.999 | AJ37: =S37*X37*(1-Z37) -> 0 | BF37: estable
B38: U-235 | C38: 92235 | D38: Pu, Actinidos | E38: 0.00223551 | F38: 704 E6 a | G38: 7.04 × 10^8 años | H38: 703.8E6 (años) | I38: 703800000 | M38: =IF(ISNUMBER(BG38),BG38,"") -> 2.2216076e+16 | N38: =IF(ISNUMBER(M38),LN(2)/M38,0) -> 3.1200253e-17 | O38: =10^-24 -> 1e-24 | P38: =PI()*$K$97^2*$K$98 -> 13978831 | Q38: =E38/O38 -> 2.23551e+21 | R38: =Q38*P38 -> 3.1249816e+28 | S38: =R38*N38 -> 9.7500214e+11 | T38: =S38*0.000000000027 -> 26.325058 | U38: =D38 -> Pu, Actinidos | V38: 3e-05 | W38: 8e-05 | X38: 1 | Y38: 1 | Z38: 200 | AA38: 100 | AB38: =10^7 -> 10000000 | AC38: =2000000 -> 2000000 | AD38: 100 | AE38: 30 | AF38: 100 | AG38: 100 | AH38: 10 | AI38: 2 | AJ38: =$S38*(1/X38)*(1/Z38)*(1/AB38)*(1/AD38)*(1/AF38)*(1/AH38) -> 0.0048750107 | AK38: =$S38*(1/Y38)*(1/AA38)*(1/AC38)*(1/AE38)*(1/AG38)*(1/AI38) -> 0.81250179 | AL38: =AK38*0.000000000027 -> 2.1937548e-11 | AM38: =B38 -> U-235 | AO38: =$S38 -> 9.7500214e+11 | AP38: =$S38*(1/X38) -> 9.7500214e+11 | AQ38: =$S38*(1/X38)*(1/Z38) -> 4.8750107e+09 | AR38: =$S38*(1/X38)*(1/Z38)*(1/AB38) -> 487.50107 | AS38: =$S38*(1/X38)*(1/Z38)*(1/AB38)*(1/AD38) -> 4.8750107 | AT38: =$S38*(1/X38)*(1/Z38)*(1/AB38)*(1/AD38)*(1/AF38) -> 0.048750107 | AU38: =$S38*(1/X38)*(1/Z38)*(1/AB38)*(1/AD38)*(1/AF38)*(1/AH38) -> 0.0048750107 | AX38: =AO38 -> 9.7500214e+11 | AY38: =AX38*(1/Y38) -> 9.7500214e+11 | AZ38: =AY38*(1/AA38) -> 9.7500214e+09 | BA38: =AZ38*(1/AC38) -> 4875.0107 | BB38: =BA38*(1/AE38) -> 162.50036 | BC38: =BB38*(1/AG38) -> 1.6250036 | BD38: =BC38*(1/AI38) -> 0.81250179 | BF38: 704 My | BG38: 2.2216076e+16
B39: Pd-108 | C39: 46108 | E39: 1.4544e-05 | G39: Estable | H39: Estable | M39: =IF(ISNUMBER(BG39),BG39,"") | N39: =IF(ISNUMBER(M39),LN(2)/M39,0) -> 0 | O39: =10^-24 -> 1e-24 | P39: =PI()*$K$97^2*$K$98 -> 13978831 | Q39: =E39/O39 -> 1.4544e+19 | R39: =Q39*P39 -> 2.0330811e+26 | S39: =R39*N39 -> 0 | X39: 0.01 | Z39: 0.999 | AJ39: =S39*X39*(1-Z39) -> 0 | BF39: estable
B40: Ag-109 | C40: 47109 | E40: 7.83917e-06 | G40: Estable | H40: Estable | M40: =IF(ISNUMBER(BG40),BG40,"") | N40: =IF(ISNUMBER(M40),LN(2)/M40,0) -> 0 | O40: =10^-24 -> 1e-24 | P40: =PI()*$K$97^2*$K$98 -> 13978831 | Q40: =E40/O40 -> 7.83917e+18 | R40: =Q40*P40 -> 1.0958243e+26 | S40: =R40*N40 -> 0 | X40: 0.01 | Z40: 0.999 | AJ40: =S40*X40*(1-Z40) -> 0 | BF40: estable
B41: Te-130 | C41: 52130 | E41: 4.8028e-05 | G41: Estable | H41: Estable | M41: =IF(ISNUMBER(BG41),BG41,"") | N41: =IF(ISNUMBER(M41),LN(2)/M41,0) -> 0 | O41: =10^-24 -> 1e-24 | P41: =PI()*$K$97^2*$K$98 -> 13978831 | Q41: =E41/O41 -> 4.8028e+19 | R41: =Q41*P41 -> 6.7137528e+26 | S41: =R41*N41 -> 0 | X41: 0.01 | Z41: 0.999 | AJ41: =S41*X41*(1-Z41) -> 0 | BF41: 791 Ey (estable a efectos prácticos)
B42: U-237 | C42: 92237 | D42: Pu, Actinidos | E42: 2.84647e-06 | F42: 6.749 d | G42: 6.75 días | H42: 98.0 (minutos) | L42: 98 | M42: =IF(ISNUMBER(BG42),BG42,"") -> 583372.8 | N42: =IF(ISNUMBER(M42),LN(2)/M42,0) -> 1.1881719e-06 | O42: =10^-24 -> 1e-24 | P42: =PI()*$K$97^2*$K$98 -> 13978831 | Q42: =E42/O42 -> 2.84647e+18 | R42: =Q42*P42 -> 3.9790322e+25 | S42: =R42*N42 -> 4.7277744e+19 | T42: =S42*0.000000000027 -> 1.2764991e+09 | U42: =D42 -> Pu, Actinidos | V42: 3e-05 | W42: 8e-05 | X42: 1 | Y42: 1 | Z42: 200 | AA42: 100 | AB42: =10^7 -> 10000000 | AC42: =2000000 -> 2000000 | AD42: 100 | AE42: 30 | AF42: 100 | AG42: 100 | AH42: 10 | AI42: 2 | AJ42: =$S42*(1/X42)*(1/Z42)*(1/AB42)*(1/AD42)*(1/AF42)*(1/AH42) -> 236388.72 | AK42: =$S42*(1/Y42)*(1/AA42)*(1/AC42)*(1/AE42)*(1/AG42)*(1/AI42) -> 39398120 | AL42: =AK42*0.000000000027 -> 0.0010637492 | AM42: =B42 -> U-237 | AO42: =$S42 -> 4.7277744e+19 | AP42: =$S42*(1/X42) -> 4.7277744e+19 | AQ42: =$S42*(1/X42)*(1/Z42) -> 2.3638872e+17 | AR42: =$S42*(1/X42)*(1/Z42)*(1/AB42) -> 2.3638872e+10 | AS42: =$S42*(1/X42)*(1/Z42)*(1/AB42)*(1/AD42) -> 2.3638872e+08 | AT42: =$S42*(1/X42)*(1/Z42)*(1/AB42)*(1/AD42)*(1/AF42) -> 2363887.2 | AU42: =$S42*(1/X42)*(1/Z42)*(1/AB42)*(1/AD42)*(1/AF42)*(1/AH42) -> 236388.72 | AX42: =AO42 -> 4.7277744e+19 | AY42: =AX42*(1/Y42) -> 4.7277744e+19 | AZ42: =AY42*(1/AA42) -> 4.7277744e+17 | BA42: =AZ42*(1/AC42) -> 2.3638872e+11 | BB42: =BA42*(1/AE42) -> 7.8796239e+09 | BC42: =BB42*(1/AG42) -> 78796239 | BD42: =BC42*(1/AI42) -> 39398120 | BF42: 6.752 d | BG42: 583372.8
B43: Xe-131 | C43: 54131 | E43: 5.39562e-05 | G43: Estable | H43: Estable | M43: =IF(ISNUMBER(BG43),BG43,"") | N43: =IF(ISNUMBER(M43),LN(2)/M43,0) -> 0 | O43: =10^-24 -> 1e-24 | P43: =PI()*$K$97^2*$K$98 -> 13978831 | Q43: =E43/O43 -> 5.39562e+19 | R43: =Q43*P43 -> 7.5424458e+26 | S43: =R43*N43 -> 0 | X43: 0.01 | Z43: 0.999 | AJ43: =S43*X43*(1-Z43) -> 0 | BF43: estable
B44: Xe-132 | C44: 54132 | E44: 0.000131549 | G44: Estable | H44: Estable | M44: =IF(ISNUMBER(BG44),BG44,"") | N44: =IF(ISNUMBER(M44),LN(2)/M44,0) -> 0 | O44: =10^-24 -> 1e-24 | P44: =PI()*$K$97^2*$K$98 -> 13978831 | Q44: =E44/O44 -> 1.31549e+20 | R44: =Q44*P44 -> 1.8389012e+27 | S44: =R44*N44 -> 0 | X44: 0.01 | Z44: 0.999 | AJ44: =S44*X44*(1-Z44) -> 0 | BF44: estable
B45: U-238 | C45: 92238 | D45: Pu, Actinidos | E45: 0.0179355 | F45: 4.468 E9 a | G45: 4.468 × 10^9 años | H45: 4.468E9 (años) | I45: 4468000000 | M45: =IF(ISNUMBER(BG45),BG45,"") -> 1.4083856e+17 | N45: =IF(ISNUMBER(M45),LN(2)/M45,0) -> 4.9215724e-18 | O45: =10^-24 -> 1e-24 | P45: =PI()*$K$97^2*$K$98 -> 13978831 | Q45: =E45/O45 -> 1.79355e+22 | R45: =Q45*P45 -> 2.5071732e+29 | S45: =R45*N45 -> 1.2339234e+12 | T45: =S45*0.000000000027 -> 33.315933 | U45: =D45 -> Pu, Actinidos | V45: 3e-05 | W45: 8e-05 | X45: 1 | Y45: 1 | Z45: 200 | AA45: 100 | AB45: =10^7 -> 10000000 | AC45: =2000000 -> 2000000 | AD45: 100 | AE45: 30 | AF45: 100 | AG45: 100 | AH45: 10 | AI45: 2 | AJ45: =$S45*(1/X45)*(1/Z45)*(1/AB45)*(1/AD45)*(1/AF45)*(1/AH45) -> 0.0061696172 | AK45: =$S45*(1/Y45)*(1/AA45)*(1/AC45)*(1/AE45)*(1/AG45)*(1/AI45) -> 1.0282695 | AL45: =AK45*0.000000000027 -> 2.7763277e-11 | AM45: =B45 -> U-238 | AO45: =$S45 -> 1.2339234e+12 | AP45: =$S45*(1/X45) -> 1.2339234e+12 | AQ45: =$S45*(1/X45)*(1/Z45) -> 6.1696172e+09 | AR45: =$S45*(1/X45)*(1/Z45)*(1/AB45) -> 616.96172 | AS45: =$S45*(1/X45)*(1/Z45)*(1/AB45)*(1/AD45) -> 6.1696172 | AT45: =$S45*(1/X45)*(1/Z45)*(1/AB45)*(1/AD45)*(1/AF45) -> 0.061696172 | AU45: =$S45*(1/X45)*(1/Z45)*(1/AB45)*(1/AD45)*(1/AF45)*(1/AH45) -> 0.0061696172 | AX45: =AO45 -> 1.2339234e+12 | AY45: =AX45*(1/Y45) -> 1.2339234e+12 | AZ45: =AY45*(1/AA45) -> 1.2339234e+10 | BA45: =AZ45*(1/AC45) -> 6169.6172 | BB45: =BA45*(1/AE45) -> 205.65391 | BC45: =BB45*(1/AG45) -> 2.0565391 | BD45: =BC45*(1/AI45) -> 1.0282695 | BF45: 4.463 Gy | BG45: 1.4083856e+17
B46: Xe-134 | C46: 54134 | E46: 0.000198858 | G46: Estable | H46: Estable | M46: =IF(ISNUMBER(BG46),BG46,"") | N46: =IF(ISNUMBER(M46),LN(2)/M46,0) -> 0 | O46: =10^-24 -> 1e-24 | P46: =PI()*$K$97^2*$K$98 -> 13978831 | Q46: =E46/O46 -> 1.98858e+20 | R46: =Q46*P46 -> 2.7798023e+27 | S46: =R46*N46 -> 0 | X46: 0.01 | Z46: 0.999 | AJ46: =S46*X46*(1-Z46) -> 0 | BF46: estable
B47: Np-237 | C47: 93237 | D47: Pu, Actinidos | E47: 3.07925e-05 | F47: 2.144 E6 a | G47: 2.144 × 10^6 años | H47: 2.3 (días) | J47: 2.3 | M47: =IF(ISNUMBER(BG47),BG47,"") -> 67658049515520 | N47: =IF(ISNUMBER(M47),LN(2)/M47,0) -> 1.0244859e-14 | O47: =10^-24 -> 1e-24 | P47: =PI()*$K$97^2*$K$98 -> 13978831 | Q47: =E47/O47 -> 3.07925e+19 | R47: =Q47*P47 -> 4.3044314e+26 | S47: =R47*N47 -> 4.4098293e+12 | T47: =S47*0.000000000027 -> 119.06539 | U47: =D47 -> Pu, Actinidos | V47: 3e-05 | W47: 8e-05 | X47: 1 | Y47: 1 | Z47: 200 | AA47: 100 | AB47: =10^7 -> 10000000 | AC47: =2000000 -> 2000000 | AD47: 100 | AE47: 30 | AF47: 100 | AG47: 100 | AH47: 10 | AI47: 2 | AJ47: =$S47*(1/X47)*(1/Z47)*(1/AB47)*(1/AD47)*(1/AF47)*(1/AH47) -> 0.022049147 | AK47: =$S47*(1/Y47)*(1/AA47)*(1/AC47)*(1/AE47)*(1/AG47)*(1/AI47) -> 3.6748578 | AL47: =AK47*0.000000000027 -> 9.922116e-11 | AM47: =B47 -> Np-237 | AO47: =$S47 -> 4.4098293e+12 | AP47: =$S47*(1/X47) -> 4.4098293e+12 | AQ47: =$S47*(1/X47)*(1/Z47) -> 2.2049147e+10 | AR47: =$S47*(1/X47)*(1/Z47)*(1/AB47) -> 2204.9147 | AS47: =$S47*(1/X47)*(1/Z47)*(1/AB47)*(1/AD47) -> 22.049147 | AT47: =$S47*(1/X47)*(1/Z47)*(1/AB47)*(1/AD47)*(1/AF47) -> 0.22049147 | AU47: =$S47*(1/X47)*(1/Z47)*(1/AB47)*(1/AD47)*(1/AF47)*(1/AH47) -> 0.022049147 | AX47: =AO47 -> 4.4098293e+12 | AY47: =AX47*(1/Y47) -> 4.4098293e+12 | AZ47: =AY47*(1/AA47) -> 4.4098293e+10 | BA47: =AZ47*(1/AC47) -> 22049.147 | BB47: =BA47*(1/AE47) -> 734.97156 | BC47: =BB47*(1/AG47) -> 7.3497156 | BD47: =BC47*(1/AI47) -> 3.6748578 | BF47: 2.144 My | BG47: 67658049515520
B48: Xe-136 | C48: 54136 | E48: 0.000307837 | G48: Estable | H48: Estable | M48: =IF(ISNUMBER(BG48),BG48,"") | N48: =IF(ISNUMBER(M48),LN(2)/M48,0) -> 0 | O48: =10^-24 -> 1e-24 | P48: =PI()*$K$97^2*$K$98 -> 13978831 | Q48: =E48/O48 -> 3.07837e+20 | R48: =Q48*P48 -> 4.3032013e+27 | S48: =R48*N48 -> 0 | X48: 0.01 | Z48: 0.999 | AJ48: =S48*X48*(1-Z48) -> 0 | BF48: 2.18 Zy (estable a efectos prácticos)
B49: Cs-133 | C49: 55133 | E49: 0.000142793 | G49: Estable | H49: Estable | M49: =IF(ISNUMBER(BG49),BG49,"") | N49: =IF(ISNUMBER(M49),LN(2)/M49,0) -> 0 | O49: =10^-24 -> 1e-24 | P49: =PI()*$K$97^2*$K$98 -> 13978831 | Q49: =E49/O49 -> 1.42793e+20 | R49: =Q49*P49 -> 1.9960792e+27 | S49: =R49*N49 -> 0 | X49: 0.01 | Z49: 0.999 | AJ49: =S49*X49*(1-Z49) -> 0 | BF49: estable
B50: Cs-134 | C50: 55134 | D50: Cs, Rb | E50: 1.72686e-05 | F50: 2.0644 a | G50: 2.065 años | H50: 2.06 años | M50: =IF(ISNUMBER(BG50),BG50,"") -> 65165052 | N50: =IF(ISNUMBER(M50),LN(2)/M50,0) -> 1.0636793e-08 | O50: =10^-24 -> 1e-24 | P50: =PI()*$K$97^2*$K$98 -> 13978831 | Q50: =E50/O50 -> 1.72686e+19 | R50: =Q50*P50 -> 2.4139484e+26 | S50: =R50*N50 -> 2.5676669e+18 | V50: 3e-05 | W50: 8e-05 | X50: 1 | Y50: 1 | Z50: 1 | AA50: 1 | AB50: =10^7 -> 10000000 | AC50: =2000000 -> 2000000 | AD50: 10 | AE50: 3 | AF50: 100 | AG50: 100 | AH50: 10 | AI50: 2 | AJ50: =$S50*(1/X50)*(1/Z50)*(1/AB50)*(1/AD50)*(1/AF50)*(1/AH50) -> 25676669 | AK50: =$S50*(1/Y50)*(1/AA50)*(1/AC50)*(1/AE50)*(1/AG50)*(1/AI50) -> 2.1397224e+09 | AL50: =AK50*0.000000000027 -> 0.057772506 | AM50: =B50 -> Cs-134 | AO50: =$S50 -> 2.5676669e+18 | AP50: =$S50*(1/X50) -> 2.5676669e+18 | AQ50: =$S50*(1/X50)*(1/Z50) -> 2.5676669e+18 | AR50: =$S50*(1/X50)*(1/Z50)*(1/AB50) -> 2.5676669e+11 | AS50: =$S50*(1/X50)*(1/Z50)*(1/AB50)*(1/AD50) -> 2.5676669e+10 | AT50: =$S50*(1/X50)*(1/Z50)*(1/AB50)*(1/AD50)*(1/AF50) -> 2.5676669e+08 | AU50: =$S50*(1/X50)*(1/Z50)*(1/AB50)*(1/AD50)*(1/AF50)*(1/AH50) -> 25676669 | AX50: =AO50 -> 2.5676669e+18 | AY50: =AX50*(1/Y50) -> 2.5676669e+18 | AZ50: =AY50*(1/AA50) -> 2.5676669e+18 | BA50: =AZ50*(1/AC50) -> 1.2838335e+12 | BB50: =BA50*(1/AE50) -> 4.2794449e+11 | BC50: =BB50*(1/AG50) -> 4.2794449e+09 | BD50: =BC50*(1/AI50) -> 2.1397224e+09 | BF50: 2.0650 y | BG50: 65165052 | BI50: grupo «Cs, Rb» asignado (factores copiados de Rb-87)
B51: Np-239 | C51: 93239 | D51: Pu, Actinidos | E51: 1.71895e-05 | F51: 2.356 d | G51: 2.356 días | H51: 24.1 (minutos) | L51: 24.1 | M51: =IF(ISNUMBER(BG51),BG51,"") -> 203558.4 | N51: =IF(ISNUMBER(M51),LN(2)/M51,0) -> 3.4051514e-06 | O51: =10^-24 -> 1e-24 | P51: =PI()*$K$97^2*$K$98 -> 13978831 | Q51: =E51/O51 -> 1.71895e+19 | R51: =Q51*P51 -> 2.4028911e+26 | S51: =R51*N51 -> 8.1822081e+20 | T51: =S51*0.000000000027 -> 2.2091962e+10 | U51: =D51 -> Pu, Actinidos | V51: 3e-05 | W51: 8e-05 | X51: 1 | Y51: 1 | Z51: 200 | AA51: 100 | AB51: =10^7 -> 10000000 | AC51: =2000000 -> 2000000 | AD51: 100 | AE51: 30 | AF51: 100 | AG51: 100 | AH51: 10 | AI51: 2 | AJ51: =$S51*(1/X51)*(1/Z51)*(1/AB51)*(1/AD51)*(1/AF51)*(1/AH51) -> 4091104.1 | AK51: =$S51*(1/Y51)*(1/AA51)*(1/AC51)*(1/AE51)*(1/AG51)*(1/AI51) -> 6.8185068e+08 | AL51: =AK51*0.000000000027 -> 0.018409968 | AM51: =B51 -> Np-239 | AO51: =$S51 -> 8.1822081e+20 | AP51: =$S51*(1/X51) -> 8.1822081e+20 | AQ51: =$S51*(1/X51)*(1/Z51) -> 4.0911041e+18 | AR51: =$S51*(1/X51)*(1/Z51)*(1/AB51) -> 4.0911041e+11 | AS51: =$S51*(1/X51)*(1/Z51)*(1/AB51)*(1/AD51) -> 4.0911041e+09 | AT51: =$S51*(1/X51)*(1/Z51)*(1/AB51)*(1/AD51)*(1/AF51) -> 40911041 | AU51: =$S51*(1/X51)*(1/Z51)*(1/AB51)*(1/AD51)*(1/AF51)*(1/AH51) -> 4091104.1 | AX51: =AO51 -> 8.1822081e+20 | AY51: =AX51*(1/Y51) -> 8.1822081e+20 | AZ51: =AY51*(1/AA51) -> 8.1822081e+18 | BA51: =AZ51*(1/AC51) -> 4.0911041e+12 | BB51: =BA51*(1/AE51) -> 1.3637014e+11 | BC51: =BB51*(1/AG51) -> 1.3637014e+09 | BD51: =BC51*(1/AI51) -> 6.8185068e+08 | BF51: 2.356 d | BG51: 203558.4
B52: Pu-238 | C52: 94238 | D52: Pu, Actinidos | E52: 8.29987e-06 | F52: 87.74 a | G52: 87.7 años | H52: 87.7 (años) | I52: 87.7 | M52: =IF(ISNUMBER(BG52),BG52,"") -> 2.7675424e+09 | N52: =IF(ISNUMBER(M52),LN(2)/M52,0) -> 2.5045585e-10 | O52: =10^-24 -> 1e-24 | P52: =PI()*$K$97^2*$K$98 -> 13978831 | Q52: =E52/O52 -> 8.29987e+18 | R52: =Q52*P52 -> 1.1602248e+26 | S52: =R52*N52 -> 2.9058508e+16 | T52: =S52*0.000000000027 -> 784579.71 | U52: =D52 -> Pu, Actinidos | V52: 3e-05 | W52: 8e-05 | X52: 1 | Y52: 1 | Z52: 200 | AA52: 100 | AB52: =10^7 -> 10000000 | AC52: =2000000 -> 2000000 | AD52: 100 | AE52: 30 | AF52: 100 | AG52: 100 | AH52: 10 | AI52: 2 | AJ52: =$S52*(1/X52)*(1/Z52)*(1/AB52)*(1/AD52)*(1/AF52)*(1/AH52) -> 145.29254 | AK52: =$S52*(1/Y52)*(1/AA52)*(1/AC52)*(1/AE52)*(1/AG52)*(1/AI52) -> 24215.423 | AL52: =AK52*0.000000000027 -> 6.5381643e-07 | AM52: =B52 -> Pu-238 | AO52: =$S52 -> 2.9058508e+16 | AP52: =$S52*(1/X52) -> 2.9058508e+16 | AQ52: =$S52*(1/X52)*(1/Z52) -> 145292539219912 | AR52: =$S52*(1/X52)*(1/Z52)*(1/AB52) -> 14529254 | AS52: =$S52*(1/X52)*(1/Z52)*(1/AB52)*(1/AD52) -> 145292.54 | AT52: =$S52*(1/X52)*(1/Z52)*(1/AB52)*(1/AD52)*(1/AF52) -> 1452.9254 | AU52: =$S52*(1/X52)*(1/Z52)*(1/AB52)*(1/AD52)*(1/AF52)*(1/AH52) -> 145.29254 | AX52: =AO52 -> 2.9058508e+16 | AY52: =AX52*(1/Y52) -> 2.9058508e+16 | AZ52: =AY52*(1/AA52) -> 290585078439823 | BA52: =AZ52*(1/AC52) -> 1.4529254e+08 | BB52: =BA52*(1/AE52) -> 4843084.6 | BC52: =BB52*(1/AG52) -> 48430.846 | BD52: =BC52*(1/AI52) -> 24215.423 | BF52: 87.7 y | BG52: 2.7675424e+09
B53: Pu-239 | C53: 94239 | D53: Pu, Actinidos | E53: 0.000258547 | F53: 24.100 E3 a | G53: 2.41 × 10^4 años | H53: 24,100 (años) | I53: 24100 | M53: =IF(ISNUMBER(BG53),BG53,"") -> 7.6083749e+11 | N53: =IF(ISNUMBER(M53),LN(2)/M53,0) -> 9.1103185e-13 | O53: =10^-24 -> 1e-24 | P53: =PI()*$K$97^2*$K$98 -> 13978831 | Q53: =E53/O53 -> 2.58547e+20 | R53: =Q53*P53 -> 3.6141847e+27 | S53: =R53*N53 -> 3.2926374e+15 | T53: =S53*0.000000000027 -> 88901.209 | U53: =D53 -> Pu, Actinidos | V53: 3e-05 | W53: 8e-05 | X53: 1 | Y53: 1 | Z53: 200 | AA53: 100 | AB53: =10^7 -> 10000000 | AC53: =2000000 -> 2000000 | AD53: 100 | AE53: 30 | AF53: 100 | AG53: 100 | AH53: 10 | AI53: 2 | AJ53: =$S53*(1/X53)*(1/Z53)*(1/AB53)*(1/AD53)*(1/AF53)*(1/AH53) -> 16.463187 | AK53: =$S53*(1/Y53)*(1/AA53)*(1/AC53)*(1/AE53)*(1/AG53)*(1/AI53) -> 2743.8645 | AL53: =AK53*0.000000000027 -> 7.4084341e-08 | AM53: =B53 -> Pu-239 | AO53: =$S53 -> 3.2926374e+15 | AP53: =$S53*(1/X53) -> 3.2926374e+15 | AQ53: =$S53*(1/X53)*(1/Z53) -> 1.6463187e+13 | AR53: =$S53*(1/X53)*(1/Z53)*(1/AB53) -> 1646318.7 | AS53: =$S53*(1/X53)*(1/Z53)*(1/AB53)*(1/AD53) -> 16463.187 | AT53: =$S53*(1/X53)*(1/Z53)*(1/AB53)*(1/AD53)*(1/AF53) -> 164.63187 | AU53: =$S53*(1/X53)*(1/Z53)*(1/AB53)*(1/AD53)*(1/AF53)*(1/AH53) -> 16.463187 | AX53: =AO53 -> 3.2926374e+15 | AY53: =AX53*(1/Y53) -> 3.2926374e+15 | AZ53: =AY53*(1/AA53) -> 3.2926374e+13 | BA53: =AZ53*(1/AC53) -> 16463187 | BB53: =BA53*(1/AE53) -> 548772.9 | BC53: =BB53*(1/AG53) -> 5487.729 | BD53: =BC53*(1/AI53) -> 2743.8645 | BF53: 24.11 ky | BG53: 7.6083749e+11
B54: Pu-240 | C54: 94240 | D54: Pu, Actinidos | E54: 7.855e-05 | F54: 6.561 E3 a | G54: 6.56 × 10^3 años | H54: 6,560 (años) | I54: 6560 | M54: =IF(ISNUMBER(BG54),BG54,"") -> 2.0704499e+11 | N54: =IF(ISNUMBER(M54),LN(2)/M54,0) -> 3.3478094e-12 | O54: =10^-24 -> 1e-24 | P54: =PI()*$K$97^2*$K$98 -> 13978831 | Q54: =E54/O54 -> 7.855e+19 | R54: =Q54*P54 -> 1.0980371e+27 | S54: =R54*N54 -> 3.6760191e+15 | T54: =S54*0.000000000027 -> 99252.517 | U54: =D54 -> Pu, Actinidos | V54: 3e-05 | W54: 8e-05 | X54: 1 | Y54: 1 | Z54: 200 | AA54: 100 | AB54: =10^7 -> 10000000 | AC54: =2000000 -> 2000000 | AD54: 100 | AE54: 30 | AF54: 100 | AG54: 100 | AH54: 10 | AI54: 2 | AJ54: =$S54*(1/X54)*(1/Z54)*(1/AB54)*(1/AD54)*(1/AF54)*(1/AH54) -> 18.380096 | AK54: =$S54*(1/Y54)*(1/AA54)*(1/AC54)*(1/AE54)*(1/AG54)*(1/AI54) -> 3063.3493 | AL54: =AK54*0.000000000027 -> 8.2710431e-08 | AM54: =B54 -> Pu-240 | AO54: =$S54 -> 3.6760191e+15 | AP54: =$S54*(1/X54) -> 3.6760191e+15 | AQ54: =$S54*(1/X54)*(1/Z54) -> 1.8380096e+13 | AR54: =$S54*(1/X54)*(1/Z54)*(1/AB54) -> 1838009.6 | AS54: =$S54*(1/X54)*(1/Z54)*(1/AB54)*(1/AD54) -> 18380.096 | AT54: =$S54*(1/X54)*(1/Z54)*(1/AB54)*(1/AD54)*(1/AF54) -> 183.80096 | AU54: =$S54*(1/X54)*(1/Z54)*(1/AB54)*(1/AD54)*(1/AF54)*(1/AH54) -> 18.380096 | AX54: =AO54 -> 3.6760191e+15 | AY54: =AX54*(1/Y54) -> 3.6760191e+15 | AZ54: =AY54*(1/AA54) -> 3.6760191e+13 | BA54: =AZ54*(1/AC54) -> 18380096 | BB54: =BA54*(1/AE54) -> 612669.86 | BC54: =BB54*(1/AG54) -> 6126.6986 | BD54: =BC54*(1/AI54) -> 3063.3493 | BF54: 6.561 ky | BG54: 2.0704499e+11
B55: La-139 | C55: 57139 | E55: 0.000156365 | G55: Estable | H55: Estable | M55: =IF(ISNUMBER(BG55),BG55,"") | N55: =IF(ISNUMBER(M55),LN(2)/M55,0) -> 0 | O55: =10^-24 -> 1e-24 | P55: =PI()*$K$97^2*$K$98 -> 13978831 | Q55: =E55/O55 -> 1.56365e+20 | R55: =Q55*P55 -> 2.1857999e+27 | S55: =R55*N55 -> 0 | X55: 0.01 | Z55: 0.999 | AJ55: =S55*X55*(1-Z55) -> 0 | BF55: estable
B56: Pu-241 | C56: 94241 | D56: Pu, Actinidos | E56: 7.80575e-05 | F56: 14.33 a | G56: 14.325 años | H56: 14.3 (años) | I56: 14.3 | M56: =IF(ISNUMBER(BG56),BG56,"") -> 4.5217919e+08 | N56: =IF(ISNUMBER(M56),LN(2)/M56,0) -> 1.5329037e-09 | O56: =10^-24 -> 1e-24 | P56: =PI()*$K$97^2*$K$98 -> 13978831 | Q56: =E56/O56 -> 7.80575e+19 | R56: =Q56*P56 -> 1.0911526e+27 | S56: =R56*N56 -> 1.6726319e+18 | T56: =S56*0.000000000027 -> 45161061 | U56: =D56 -> Pu, Actinidos | V56: 3e-05 | W56: 8e-05 | X56: 1 | Y56: 1 | Z56: 200 | AA56: 100 | AB56: =10^7 -> 10000000 | AC56: =2000000 -> 2000000 | AD56: 100 | AE56: 30 | AF56: 100 | AG56: 100 | AH56: 10 | AI56: 2 | AJ56: =$S56*(1/X56)*(1/Z56)*(1/AB56)*(1/AD56)*(1/AF56)*(1/AH56) -> 8363.1594 | AK56: =$S56*(1/Y56)*(1/AA56)*(1/AC56)*(1/AE56)*(1/AG56)*(1/AI56) -> 1393859.9 | AL56: =AK56*0.000000000027 -> 3.7634217e-05 | AM56: =B56 -> Pu-241 | AO56: =$S56 -> 1.6726319e+18 | AP56: =$S56*(1/X56) -> 1.6726319e+18 | AQ56: =$S56*(1/X56)*(1/Z56) -> 8.3631594e+15 | AR56: =$S56*(1/X56)*(1/Z56)*(1/AB56) -> 8.3631594e+08 | AS56: =$S56*(1/X56)*(1/Z56)*(1/AB56)*(1/AD56) -> 8363159.4 | AT56: =$S56*(1/X56)*(1/Z56)*(1/AB56)*(1/AD56)*(1/AF56) -> 83631.594 | AU56: =$S56*(1/X56)*(1/Z56)*(1/AB56)*(1/AD56)*(1/AF56)*(1/AH56) -> 8363.1594 | AX56: =AO56 -> 1.6726319e+18 | AY56: =AX56*(1/Y56) -> 1.6726319e+18 | AZ56: =AY56*(1/AA56) -> 1.6726319e+16 | BA56: =AZ56*(1/AC56) -> 8.3631594e+09 | BB56: =BA56*(1/AE56) -> 2.7877198e+08 | BC56: =BB56*(1/AG56) -> 2787719.8 | BD56: =BC56*(1/AI56) -> 1393859.9 | BF56: 14.329 y | BG56: 4.5217919e+08
B57: Pu-242 | C57: 94242 | D57: Pu, Actinidos | E57: 2.86215e-05 | F57: 373 E3 | G57: 3.75 × 10^5 años | H57: 375,000 (años) | I57: 375000 | M57: =IF(ISNUMBER(BG57),BG57,"") -> 11833847280000 | N57: =IF(ISNUMBER(M57),LN(2)/M57,0) -> 5.8573274e-14 | O57: =10^-24 -> 1e-24 | P57: =PI()*$K$97^2*$K$98 -> 13978831 | Q57: =E57/O57 -> 2.86215e+19 | R57: =Q57*P57 -> 4.000951e+26 | S57: =R57*N57 -> 2.343488e+13 | T57: =S57*0.000000000027 -> 632.74176 | U57: =D57 -> Pu, Actinidos | V57: 3e-05 | W57: 8e-05 | X57: 1 | Y57: 1 | Z57: 200 | AA57: 100 | AB57: =10^7 -> 10000000 | AC57: =2000000 -> 2000000 | AD57: 100 | AE57: 30 | AF57: 100 | AG57: 100 | AH57: 10 | AI57: 2 | AJ57: =$S57*(1/X57)*(1/Z57)*(1/AB57)*(1/AD57)*(1/AF57)*(1/AH57) -> 0.1171744 | AK57: =$S57*(1/Y57)*(1/AA57)*(1/AC57)*(1/AE57)*(1/AG57)*(1/AI57) -> 19.529067 | AL57: =AK57*0.000000000027 -> 5.272848e-10 | AM57: =B57 -> Pu-242 | AO57: =$S57 -> 2.343488e+13 | AP57: =$S57*(1/X57) -> 2.343488e+13 | AQ57: =$S57*(1/X57)*(1/Z57) -> 1.171744e+11 | AR57: =$S57*(1/X57)*(1/Z57)*(1/AB57) -> 11717.44 | AS57: =$S57*(1/X57)*(1/Z57)*(1/AB57)*(1/AD57) -> 117.1744 | AT57: =$S57*(1/X57)*(1/Z57)*(1/AB57)*(1/AD57)*(1/AF57) -> 1.171744 | AU57: =$S57*(1/X57)*(1/Z57)*(1/AB57)*(1/AD57)*(1/AF57)*(1/AH57) -> 0.1171744 | AX57: =AO57 -> 2.343488e+13 | AY57: =AX57*(1/Y57) -> 2.343488e+13 | AZ57: =AY57*(1/AA57) -> 2.343488e+11 | BA57: =AZ57*(1/AC57) -> 117174.4 | BB57: =BA57*(1/AE57) -> 3905.8133 | BC57: =BB57*(1/AG57) -> 39.058133 | BD57: =BC57*(1/AI57) -> 19.529067 | BF57: 375 ky | BG57: 11833847280000
B58: Am-241 | C58: 95241 | D58: Pu, Actinidos | E58: 6.97773e-07 | F58: 432.6 | G58: 432.2 años | H58: 14.4 (años) | I58: 14.4 | M58: =IF(ISNUMBER(BG58),BG58,"") -> 1.3651526e+10 | N58: =IF(ISNUMBER(M58),LN(2)/M58,0) -> 5.0774336e-11 | O58: =10^-24 -> 1e-24 | P58: =PI()*$K$97^2*$K$98 -> 13978831 | Q58: =E58/O58 -> 6.97773e+17 | R58: =Q58*P58 -> 9.7540506e+24 | S58: =R58*N58 -> 495255444127021 | T58: =S58*0.000000000027 -> 13371.897 | U58: =D58 -> Pu, Actinidos | V58: 3e-05 | W58: 8e-05 | X58: 1 | Y58: 1 | Z58: 200 | AA58: 100 | AB58: =10^7 -> 10000000 | AC58: =2000000 -> 2000000 | AD58: 100 | AE58: 30 | AF58: 100 | AG58: 100 | AH58: 10 | AI58: 2 | AJ58: =$S58*(1/X58)*(1/Z58)*(1/AB58)*(1/AD58)*(1/AF58)*(1/AH58) -> 2.4762772 | AK58: =$S58*(1/Y58)*(1/AA58)*(1/AC58)*(1/AE58)*(1/AG58)*(1/AI58) -> 412.71287 | AL58: =AK58*0.000000000027 -> 1.1143247e-08 | AM58: =B58 -> Am-241 | AO58: =$S58 -> 495255444127021 | AP58: =$S58*(1/X58) -> 495255444127021 | AQ58: =$S58*(1/X58)*(1/Z58) -> 2.4762772e+12 | AR58: =$S58*(1/X58)*(1/Z58)*(1/AB58) -> 247627.72 | AS58: =$S58*(1/X58)*(1/Z58)*(1/AB58)*(1/AD58) -> 2476.2772 | AT58: =$S58*(1/X58)*(1/Z58)*(1/AB58)*(1/AD58)*(1/AF58) -> 24.762772 | AU58: =$S58*(1/X58)*(1/Z58)*(1/AB58)*(1/AD58)*(1/AF58)*(1/AH58) -> 2.4762772 | AX58: =AO58 -> 495255444127021 | AY58: =AX58*(1/Y58) -> 495255444127021 | AZ58: =AY58*(1/AA58) -> 4.9525544e+12 | BA58: =AZ58*(1/AC58) -> 2476277.2 | BB58: =BA58*(1/AE58) -> 82542.574 | BC58: =BB58*(1/AG58) -> 825.42574 | BD58: =BC58*(1/AI58) -> 412.71287 | BF58: 432.6 y | BG58: 1.3651526e+10
B59: Am-243 | C59: 95243 | D59: Pu, Actinidos | E59: 5.53963e-06 | F59: 7.367 E3 a | G59: 7.37 × 10^3 años | H59: 5.0 (horas) | K59: 5 | M59: =IF(ISNUMBER(BG59),BG59,"") -> 231943406688 | N59: =IF(ISNUMBER(M59),LN(2)/M59,0) -> 2.9884324e-12 | O59: =10^-24 -> 1e-24 | P59: =PI()*$K$97^2*$K$98 -> 13978831 | Q59: =E59/O59 -> 5.53963e+18 | R59: =Q59*P59 -> 7.743755e+25 | S59: =R59*N59 -> 231416878999564 | T59: =S59*0.000000000027 -> 6248.2557 | U59: =D59 -> Pu, Actinidos | V59: 3e-05 | W59: 8e-05 | X59: 1 | Y59: 1 | Z59: 200 | AA59: 100 | AB59: =10^7 -> 10000000 | AC59: =2000000 -> 2000000 | AD59: 100 | AE59: 30 | AF59: 100 | AG59: 100 | AH59: 10 | AI59: 2 | AJ59: =$S59*(1/X59)*(1/Z59)*(1/AB59)*(1/AD59)*(1/AF59)*(1/AH59) -> 1.1570844 | AK59: =$S59*(1/Y59)*(1/AA59)*(1/AC59)*(1/AE59)*(1/AG59)*(1/AI59) -> 192.8474 | AL59: =AK59*0.000000000027 -> 5.2068798e-09 | AM59: =B59 -> Am-243 | AO59: =$S59 -> 231416878999564 | AP59: =$S59*(1/X59) -> 231416878999564 | AQ59: =$S59*(1/X59)*(1/Z59) -> 1.1570844e+12 | AR59: =$S59*(1/X59)*(1/Z59)*(1/AB59) -> 115708.44 | AS59: =$S59*(1/X59)*(1/Z59)*(1/AB59)*(1/AD59) -> 1157.0844 | AT59: =$S59*(1/X59)*(1/Z59)*(1/AB59)*(1/AD59)*(1/AF59) -> 11.570844 | AU59: =$S59*(1/X59)*(1/Z59)*(1/AB59)*(1/AD59)*(1/AF59)*(1/AH59) -> 1.1570844 | AX59: =AO59 -> 231416878999564 | AY59: =AX59*(1/Y59) -> 231416878999564 | AZ59: =AY59*(1/AA59) -> 2.3141688e+12 | BA59: =AZ59*(1/AC59) -> 1157084.4 | BB59: =BA59*(1/AE59) -> 38569.48 | BC59: =BB59*(1/AG59) -> 385.6948 | BD59: =BC59*(1/AI59) -> 192.8474 | BF59: 7.350 ky | BG59: 231943406688
B60: Sr-89 | C60: 38089 | D60: Sr, Ba, Eu | E60: 2.33352e-05 | F60: 50.57 d | G60: 50.5 días | H60: 50.57 días | J60: 50.57 | M60: =IF(ISNUMBER(BG60),BG60,"") -> 4368643.2 | N60: =IF(ISNUMBER(M60),LN(2)/M60,0) -> 1.5866418e-07 | O60: =10^-24 -> 1e-24 | P60: =PI()*$K$97^2*$K$98 -> 13978831 | Q60: =E60/O60 -> 2.33352e+19 | R60: =Q60*P60 -> 3.2619881e+26 | S60: =R60*N60 -> 5.1756066e+19 | T60: =S60*0.000000000027 -> 1.3974138e+09 | U60: =D60 -> Sr, Ba, Eu | V60: 3e-05 | W60: 8e-05 | X60: 1 | Y60: 1 | Z60: 1 | AA60: 1 | AB60: =10^6 -> 1000000 | AC60: =200000 -> 200000 | AD60: 100 | AE60: 30 | AF60: 100 | AG60: 100 | AH60: 10 | AI60: 2 | AJ60: =$S60*(1/X60)*(1/Z60)*(1/AB60)*(1/AD60)*(1/AF60)*(1/AH60) -> 5.1756066e+08 | AK60: =$S60*(1/Y60)*(1/AA60)*(1/AC60)*(1/AE60)*(1/AG60)*(1/AI60) -> 4.3130055e+10 | AL60: =AK60*0.000000000027 -> 1.1645115 | AM60: =B60 -> Sr-89 | AO60: =$S60 -> 5.1756066e+19 | AP60: =$S60*(1/X60) -> 5.1756066e+19 | AQ60: =$S60*(1/X60)*(1/Z60) -> 5.1756066e+19 | AR60: =$S60*(1/X60)*(1/Z60)*(1/AB60) -> 5.1756066e+13 | AS60: =$S60*(1/X60)*(1/Z60)*(1/AB60)*(1/AD60) -> 5.1756066e+11 | AT60: =$S60*(1/X60)*(1/Z60)*(1/AB60)*(1/AD60)*(1/AF60) -> 5.1756066e+09 | AU60: =$S60*(1/X60)*(1/Z60)*(1/AB60)*(1/AD60)*(1/AF60)*(1/AH60) -> 5.1756066e+08 | AX60: =AO60 -> 5.1756066e+19 | AY60: =AX60*(1/Y60) -> 5.1756066e+19 | AZ60: =AY60*(1/AA60) -> 5.1756066e+19 | BA60: =AZ60*(1/AC60) -> 258780329205576 | BB60: =BA60*(1/AE60) -> 8.626011e+12 | BC60: =BB60*(1/AG60) -> 8.626011e+10 | BD60: =BC60*(1/AI60) -> 4.3130055e+10 | BF60: 50.563 d | BG60: 4368643.2
B61: Sr-90 | C61: 38090 | D61: Sr, Ba, Eu | E61: 0.000123058 | F61: 28.80 a | G61: 28.8 años | H61: 28.8 años | I61: 28.8 | M61: =IF(ISNUMBER(BG61),BG61,"") -> 9.1231073e+08 | N61: =IF(ISNUMBER(M61),LN(2)/M61,0) -> 7.5977094e-10 | O61: =10^-24 -> 1e-24 | P61: =PI()*$K$97^2*$K$98 -> 13978831 | Q61: =E61/O61 -> 1.23058e+20 | R61: =Q61*P61 -> 1.7202069e+27 | S61: =R61*N61 -> 1.3069632e+18 | T61: =S61*0.000000000027 -> 35288008 | U61: =D61 -> Sr, Ba, Eu | V61: 3e-05 | W61: 8e-05 | X61: 1 | Y61: 1 | Z61: 1 | AA61: 1 | AB61: =10^6 -> 1000000 | AC61: =200000 -> 200000 | AD61: 100 | AE61: 30 | AF61: 100 | AG61: 100 | AH61: 10 | AI61: 2 | AJ61: =$S61*(1/X61)*(1/Z61)*(1/AB61)*(1/AD61)*(1/AF61)*(1/AH61) -> 13069632 | AK61: =$S61*(1/Y61)*(1/AA61)*(1/AC61)*(1/AE61)*(1/AG61)*(1/AI61) -> 1.089136e+09 | AL61: =AK61*0.000000000027 -> 0.029406673 | AM61: =B61 -> Sr-90 | AO61: =$S61 -> 1.3069632e+18 | AP61: =$S61*(1/X61) -> 1.3069632e+18 | AQ61: =$S61*(1/X61)*(1/Z61) -> 1.3069632e+18 | AR61: =$S61*(1/X61)*(1/Z61)*(1/AB61) -> 1.3069632e+12 | AS61: =$S61*(1/X61)*(1/Z61)*(1/AB61)*(1/AD61) -> 1.3069632e+10 | AT61: =$S61*(1/X61)*(1/Z61)*(1/AB61)*(1/AD61)*(1/AF61) -> 1.3069632e+08 | AU61: =$S61*(1/X61)*(1/Z61)*(1/AB61)*(1/AD61)*(1/AF61)*(1/AH61) -> 13069632 | AX61: =AO61 -> 1.3069632e+18 | AY61: =AX61*(1/Y61) -> 1.3069632e+18 | AZ61: =AY61*(1/AA61) -> 1.3069632e+18 | BA61: =AZ61*(1/AC61) -> 6.5348162e+12 | BB61: =BA61*(1/AE61) -> 2.1782721e+11 | BC61: =BB61*(1/AG61) -> 2.1782721e+09 | BD61: =BC61*(1/AI61) -> 1.089136e+09 | BF61: 28.91 y | BG61: 9.1231073e+08
B62: Ba-138 | C62: 56138 | D62: Sr, Ba, Eu | E62: 0.000167617 | G62: Estable | H62: 30.018 años | I62: =30.018 -> 30.018 | M62: =IF(ISNUMBER(BG62),BG62,"") | N62: =IF(ISNUMBER(M62),LN(2)/M62,0) -> 0 | O62: =10^-24 -> 1e-24 | P62: =PI()*$K$97^2*$K$98 -> 13978831 | Q62: =E62/O62 -> 1.67617e+20 | R62: =Q62*P62 -> 2.3430897e+27 | S62: =R62*N62 -> 0 | T62: =S62*0.000000000027 -> 0 | U62: =D62 -> Sr, Ba, Eu | V62: 3e-05 | W62: 8e-05 | X62: 1 | Y62: 1 | Z62: 1 | AA62: 1 | AB62: =10^6 -> 1000000 | AC62: =200000 -> 200000 | AD62: 100 | AE62: 30 | AF62: 100 | AG62: 100 | AH62: 10 | AI62: 2 | AJ62: =$S62*(1/X62)*(1/Z62)*(1/AB62)*(1/AD62)*(1/AF62)*(1/AH62) -> 0 | AK62: =$S62*(1/Y62)*(1/AA62)*(1/AC62)*(1/AE62)*(1/AG62)*(1/AI62) -> 0 | AL62: =AK62*0.000000000027 -> 0 | AM62: =B62 -> Ba-138 | AO62: =$S62 -> 0 | AP62: =$S62*(1/X62) -> 0 | AQ62: =$S62*(1/X62)*(1/Z62) -> 0 | AR62: =$S62*(1/X62)*(1/Z62)*(1/AB62) -> 0 | AS62: =$S62*(1/X62)*(1/Z62)*(1/AB62)*(1/AD62) -> 0 | AT62: =$S62*(1/X62)*(1/Z62)*(1/AB62)*(1/AD62)*(1/AF62) -> 0 | AU62: =$S62*(1/X62)*(1/Z62)*(1/AB62)*(1/AD62)*(1/AF62)*(1/AH62) -> 0 | AX62: =AO62 -> 0 | AY62: =AX62*(1/Y62) -> 0 | AZ62: =AY62*(1/AA62) -> 0 | BA62: =AZ62*(1/AC62) -> 0 | BB62: =BA62*(1/AE62) -> 0 | BC62: =BB62*(1/AG62) -> 0 | BD62: =BC62*(1/AI62) -> 0 | BF62: estable
B63: Ba-140 | C63: 56140 | D63: Sr, Ba, Eu | E63: 1.10185e-05 | F63: 12.753 d | G63: 12.752 días | H63: 12.75 días | J63: 12.75 | M63: =IF(ISNUMBER(BG63),BG63,"") -> 1101893.8 | N63: =IF(ISNUMBER(M63),LN(2)/M63,0) -> 6.2905083e-07 | O63: =10^-24 -> 1e-24 | P63: =PI()*$K$97^2*$K$98 -> 13978831 | Q63: =E63/O63 -> 1.10185e+19 | R63: =Q63*P63 -> 1.5402575e+26 | S63: =R63*N63 -> 9.6890023e+19 | T63: =S63*0.000000000027 -> 2.6160306e+09 | U63: =D63 -> Sr, Ba, Eu | V63: 3e-05 | W63: 8e-05 | X63: 1 | Y63: 1 | Z63: 1 | AA63: 1 | AB63: =10^6 -> 1000000 | AC63: =200000 -> 200000 | AD63: 100 | AE63: 30 | AF63: 100 | AG63: 100 | AH63: 10 | AI63: 2 | AJ63: =$S63*(1/X63)*(1/Z63)*(1/AB63)*(1/AD63)*(1/AF63)*(1/AH63) -> 9.6890023e+08 | AK63: =$S63*(1/Y63)*(1/AA63)*(1/AC63)*(1/AE63)*(1/AG63)*(1/AI63) -> 8.0741686e+10 | AL63: =AK63*0.000000000027 -> 2.1800255 | AM63: =B63 -> Ba-140 | AO63: =$S63 -> 9.6890023e+19 | AP63: =$S63*(1/X63) -> 9.6890023e+19 | AQ63: =$S63*(1/X63)*(1/Z63) -> 9.6890023e+19 | AR63: =$S63*(1/X63)*(1/Z63)*(1/AB63) -> 96890022684502 | AS63: =$S63*(1/X63)*(1/Z63)*(1/AB63)*(1/AD63) -> 9.6890023e+11 | AT63: =$S63*(1/X63)*(1/Z63)*(1/AB63)*(1/AD63)*(1/AF63) -> 9.6890023e+09 | AU63: =$S63*(1/X63)*(1/Z63)*(1/AB63)*(1/AD63)*(1/AF63)*(1/AH63) -> 9.6890023e+08 | AX63: =AO63 -> 9.6890023e+19 | AY63: =AX63*(1/Y63) -> 9.6890023e+19 | AZ63: =AY63*(1/AA63) -> 9.6890023e+19 | BA63: =AZ63*(1/AC63) -> 484450113422510 | BB63: =BA63*(1/AE63) -> 1.6148337e+13 | BC63: =BB63*(1/AG63) -> 1.6148337e+11 | BD63: =BC63*(1/AI63) -> 8.0741686e+10 | BF63: 12.7534 d | BG63: 1101893.8
B64: Pm-147 | C64: 61147 | D64: Isot tierras raras | E64: 2.53495e-05 | G64: 24.1 días | H64: 1.6 (horas) | K64: 1.6 | M64: =IF(ISNUMBER(BG64),BG64,"") -> 82786440 | N64: =IF(ISNUMBER(M64),LN(2)/M64,0) -> 8.372714e-09 | O64: =10^-24 -> 1e-24 | P64: =PI()*$K$97^2*$K$98 -> 13978831 | Q64: =E64/O64 -> 2.53495e+19 | R64: =Q64*P64 -> 3.5435637e+26 | S64: =R64*N64 -> 2.9669245e+18 | T64: =S64*0.000000000027 -> 80106962 | U64: =D64 -> Isot tierras raras | V64: 3e-05 | W64: 8e-05 | X64: 1 | Y64: 1 | Z64: 100 | AA64: 50 | AB64: 10000000 | AC64: 2000000 | AD64: 100 | AE64: 30 | AF64: 100 | AG64: 100 | AH64: 10 | AI64: 2 | AJ64: =$S64*(1/X64)*(1/Z64)*(1/AB64)*(1/AD64)*(1/AF64) -> 296692.45 | AK64: =$S64*(1/Y64)*(1/AA64)*(1/AC64)*(1/AE64)*(1/AG64) -> 9889748.4 | AL64: =AK64*0.000000000027 -> 0.00026702321 | AM64: =B64 -> Pm-147 | AO64: =$S64 -> 2.9669245e+18 | AP64: =$S64*(1/X64) -> 2.9669245e+18 | AQ64: =$S64*(1/X64)*(1/Z64) -> 2.9669245e+16 | AR64: =$S64*(1/X64)*(1/Z64)*(1/AB64) -> 2.9669245e+09 | AS64: =$S64*(1/X64)*(1/Z64)*(1/AB64)*(1/AD64) -> 29669245 | AT64: =$S64*(1/X64)*(1/Z64)*(1/AB64)*(1/AD64)*(1/AF64) -> 296692.45 | AU64: =$S64*(1/X64)*(1/Z64)*(1/AB64)*(1/AD64)*(1/AF64)*(1/AH64) -> 29669.245 | AX64: =AO64 -> 2.9669245e+18 | AY64: =AX64*(1/Y64) -> 2.9669245e+18 | AZ64: =AY64*(1/AA64) -> 5.933849e+16 | BA64: =AZ64*(1/AC64) -> 2.9669245e+10 | BB64: =BA64*(1/AE64) -> 9.8897484e+08 | BC64: =BB64*(1/AG64) -> 9889748.4 | BD64: =BC64*(1/AI64) -> 4944874.2 | BF64: 2.6234 y | BG64: 82786440 | BH64: Eu-147 | BI64: grupo «Sr, Ba, Eu» → «Isot tierras raras» (factores copiados de Nd-143)
B65: Pm-149 | C65: 61149 | D65: Isot tierras raras | E65: 3.50308e-07 | G65: 93.1 días | H65: 2.0 (minutos) | L65: 2 | M65: =IF(ISNUMBER(BG65),BG65,"") -> 191088 | N65: =IF(ISNUMBER(M65),LN(2)/M65,0) -> 3.6273716e-06 | O65: =10^-24 -> 1e-24 | P65: =PI()*$K$97^2*$K$98 -> 13978831 | Q65: =E65/O65 -> 3.50308e+17 | R65: =Q65*P65 -> 4.8968962e+24 | S65: =R65*N65 -> 1.7762862e+19 | T65: =S65*0.000000000027 -> 4.7959728e+08 | U65: =D65 -> Isot tierras raras | V65: 3e-05 | W65: 8e-05 | X65: 1 | Y65: 1 | Z65: 100 | AA65: 50 | AB65: 10000000 | AC65: 2000000 | AD65: 100 | AE65: 30 | AF65: 100 | AG65: 100 | AH65: 10 | AI65: 2 | AJ65: =$S65*(1/X65)*(1/Z65)*(1/AB65)*(1/AD65)*(1/AF65) -> 1776286.2 | AK65: =$S65*(1/Y65)*(1/AA65)*(1/AC65)*(1/AE65)*(1/AG65) -> 59209541 | AL65: =AK65*0.000000000027 -> 0.0015986576 | AM65: =B65 -> Pm-149 | AO65: =$S65 -> 1.7762862e+19 | AP65: =$S65*(1/X65) -> 1.7762862e+19 | AQ65: =$S65*(1/X65)*(1/Z65) -> 1.7762862e+17 | AR65: =$S65*(1/X65)*(1/Z65)*(1/AB65) -> 1.7762862e+10 | AS65: =$S65*(1/X65)*(1/Z65)*(1/AB65)*(1/AD65) -> 1.7762862e+08 | AT65: =$S65*(1/X65)*(1/Z65)*(1/AB65)*(1/AD65)*(1/AF65) -> 1776286.2 | AU65: =$S65*(1/X65)*(1/Z65)*(1/AB65)*(1/AD65)*(1/AF65)*(1/AH65) -> 177628.62 | AX65: =AO65 -> 1.7762862e+19 | AY65: =AX65*(1/Y65) -> 1.7762862e+19 | AZ65: =AY65*(1/AA65) -> 3.5525724e+17 | BA65: =AZ65*(1/AC65) -> 1.7762862e+11 | BB65: =BA65*(1/AE65) -> 5.9209541e+09 | BC65: =BB65*(1/AG65) -> 59209541 | BD65: =BC65*(1/AI65) -> 29604770 | BF65: 53.08 h | BG65: 191088 | BH65: Eu-149 | BI65: grupo «Sr, Ba, Eu» → «Isot tierras raras» (factores copiados de Nd-143)
B66: Y-91 | C66: 39091 | D66: Isot elem trans | E66: 3.29343e-05 | F66: 58.51 d | G66: 58.51 días | H66: 58.5 días | J66: 58.8 | M66: =IF(ISNUMBER(BG66),BG66,"") -> 5055264 | N66: =IF(ISNUMBER(M66),LN(2)/M66,0) -> 1.3711394e-07 | O66: =10^-24 -> 1e-24 | P66: =PI()*$K$97^2*$K$98 -> 13978831 | Q66: =E66/O66 -> 3.29343e+19 | R66: =Q66*P66 -> 4.60383e+26 | S66: =R66*N66 -> 6.3124929e+19 | T66: =S66*0.000000000027 -> 1.7043731e+09 | U66: =D66 -> Isot elem trans | V66: 3e-05 | W66: 8e-05 | X66: 1 | Y66: 1 | Z66: 100 | AA66: 50 | AB66: 10000000 | AC66: 2000000 | AD66: 10 | AE66: 3 | AF66: 100 | AG66: 100 | AH66: 10 | AI66: 2 | AJ66: =$S66*(1/X66)*(1/Z66)*(1/AB66)*(1/AD66)*(1/AF66) -> 63124929 | AK66: =$S66*(1/Y66)*(1/AA66)*(1/AC66)*(1/AE66)*(1/AG66) -> 2.1041643e+09 | AL66: =AK66*0.000000000027 -> 0.056812436 | AM66: =B66 -> Y-91 | AO66: =$S66 -> 6.3124929e+19 | AP66: =$S66*(1/X66) -> 6.3124929e+19 | AQ66: =$S66*(1/X66)*(1/Z66) -> 6.3124929e+17 | AR66: =$S66*(1/X66)*(1/Z66)*(1/AB66) -> 6.3124929e+10 | AS66: =$S66*(1/X66)*(1/Z66)*(1/AB66)*(1/AD66) -> 6.3124929e+09 | AT66: =$S66*(1/X66)*(1/Z66)*(1/AB66)*(1/AD66)*(1/AF66) -> 63124929 | AU66: =$S66*(1/X66)*(1/Z66)*(1/AB66)*(1/AD66)*(1/AF66)*(1/AH66) -> 6312492.9 | AX66: =AO66 -> 6.3124929e+19 | AY66: =AX66*(1/Y66) -> 6.3124929e+19 | AZ66: =AY66*(1/AA66) -> 1.2624986e+18 | BA66: =AZ66*(1/AC66) -> 6.3124929e+11 | BB66: =BA66*(1/AE66) -> 2.1041643e+11 | BC66: =BB66*(1/AG66) -> 2.1041643e+09 | BD66: =BC66*(1/AI66) -> 1.0520821e+09 | BF66: 58.51 d | BG66: 5055264
B67: Nd-148 | C67: 60148 | E67: 4.40869e-05 | G67: Estable | H67: Estable | M67: =IF(ISNUMBER(BG67),BG67,"") | N67: =IF(ISNUMBER(M67),LN(2)/M67,0) -> 0 | O67: =10^-24 -> 1e-24 | P67: =PI()*$K$97^2*$K$98 -> 13978831 | Q67: =E67/O67 -> 4.40869e+19 | R67: =Q67*P67 -> 6.1628331e+26 | S67: =R67*N67 -> 0 | V67: 3e-05 | W67: 8e-05 | X67: 0.01 | Z67: 0.999 | AJ67: =S67*X67*(1-Z67) -> 0 | BF67: estable
B68: Zr-93 | C68: 40093 | D68: Isot elem trans | E68: 0.000143526 | F68: 1.61 E6 a | G68: 1.53 × 10^6 años | H68: 1.53 × 10⁶ años | I68: 1530000 | M68: =IF(ISNUMBER(BG68),BG68,"") -> 50806650988800 | N68: =IF(ISNUMBER(M68),LN(2)/M68,0) -> 1.3642843e-14 | O68: =10^-24 -> 1e-24 | P68: =PI()*$K$97^2*$K$98 -> 13978831 | Q68: =E68/O68 -> 1.43526e+20 | R68: =Q68*P68 -> 2.0063257e+27 | S68: =R68*N68 -> 2.7371987e+13 | T68: =S68*0.000000000027 -> 739.04364 | U68: =D68 -> Isot elem trans | V68: 3e-05 | W68: 8e-05 | X68: 1 | Y68: 1 | Z68: 100 | AA68: 50 | AB68: 10000000 | AC68: 2000000 | AD68: 10 | AE68: 3 | AF68: 100 | AG68: 100 | AH68: 10 | AI68: 2 | AJ68: =$S68*(1/X68)*(1/Z68)*(1/AB68)*(1/AD68)*(1/AF68) -> 27.371987 | AK68: =$S68*(1/Y68)*(1/AA68)*(1/AC68)*(1/AE68)*(1/AG68) -> 912.39955 | AL68: =AK68*0.000000000027 -> 2.4634788e-08 | AM68: =B68 -> Zr-93 | AO68: =$S68 -> 2.7371987e+13 | AP68: =$S68*(1/X68) -> 2.7371987e+13 | AQ68: =$S68*(1/X68)*(1/Z68) -> 2.7371987e+11 | AR68: =$S68*(1/X68)*(1/Z68)*(1/AB68) -> 27371.987 | AS68: =$S68*(1/X68)*(1/Z68)*(1/AB68)*(1/AD68) -> 2737.1987 | AT68: =$S68*(1/X68)*(1/Z68)*(1/AB68)*(1/AD68)*(1/AF68) -> 27.371987 | AU68: =$S68*(1/X68)*(1/Z68)*(1/AB68)*(1/AD68)*(1/AF68)*(1/AH68) -> 2.7371987 | AX68: =AO68 -> 2.7371987e+13 | AY68: =AX68*(1/Y68) -> 2.7371987e+13 | AZ68: =AY68*(1/AA68) -> 5.4743973e+11 | BA68: =AZ68*(1/AC68) -> 273719.87 | BB68: =BA68*(1/AE68) -> 91239.955 | BC68: =BB68*(1/AG68) -> 912.39955 | BD68: =BC68*(1/AI68) -> 456.19978 | BF68: 1.61 My | BG68: 50806650988800
B69: Zr-95 | C69: 40095 | D69: Isot elem trans | E69: 4.35054e-05 | F69: 64.032 d | G69: 64.02 días | H69: 64.02 días | J69: 64.02 | M69: =IF(ISNUMBER(BG69),BG69,"") -> 5532364.8 | N69: =IF(ISNUMBER(M69),LN(2)/M69,0) -> 1.2528949e-07 | O69: =10^-24 -> 1e-24 | P69: =PI()*$K$97^2*$K$98 -> 13978831 | Q69: =E69/O69 -> 4.35054e+19 | R69: =Q69*P69 -> 6.0815462e+26 | S69: =R69*N69 -> 7.6195384e+19 | T69: =S69*0.000000000027 -> 2.0572754e+09 | U69: =D69 -> Isot elem trans | V69: 3e-05 | W69: 8e-05 | X69: 1 | Y69: 1 | Z69: 100 | AA69: 50 | AB69: 10000000 | AC69: 2000000 | AD69: 10 | AE69: 3 | AF69: 100 | AG69: 100 | AH69: 10 | AI69: 2 | AJ69: =$S69*(1/X69)*(1/Z69)*(1/AB69)*(1/AD69)*(1/AF69) -> 76195384 | AK69: =$S69*(1/Y69)*(1/AA69)*(1/AC69)*(1/AE69)*(1/AG69) -> 2.5398461e+09 | AL69: =AK69*0.000000000027 -> 0.068575846 | AM69: =B69 -> Zr-95 | AO69: =$S69 -> 7.6195384e+19 | AP69: =$S69*(1/X69) -> 7.6195384e+19 | AQ69: =$S69*(1/X69)*(1/Z69) -> 7.6195384e+17 | AR69: =$S69*(1/X69)*(1/Z69)*(1/AB69) -> 7.6195384e+10 | AS69: =$S69*(1/X69)*(1/Z69)*(1/AB69)*(1/AD69) -> 7.6195384e+09 | AT69: =$S69*(1/X69)*(1/Z69)*(1/AB69)*(1/AD69)*(1/AF69) -> 76195384 | AU69: =$S69*(1/X69)*(1/Z69)*(1/AB69)*(1/AD69)*(1/AF69)*(1/AH69) -> 7619538.4 | AX69: =AO69 -> 7.6195384e+19 | AY69: =AX69*(1/Y69) -> 7.6195384e+19 | AZ69: =AY69*(1/AA69) -> 1.5239077e+18 | BA69: =AZ69*(1/AC69) -> 7.6195384e+11 | BB69: =BA69*(1/AE69) -> 2.5398461e+11 | BC69: =BB69*(1/AG69) -> 2.5398461e+09 | BD69: =BC69*(1/AI69) -> 1.2699231e+09 | BF69: 64.032 d | BG69: 5532364.8
B70: Nb-95 | C70: 41095 | D70: Isot elem trans | E70: 2.02169e-05 | F70: 34.991 d | G70: 34.991 días | H70: 35 días | J70: 35 | M70: =IF(ISNUMBER(BG70),BG70,"") -> 3023222.4 | N70: =IF(ISNUMBER(M70),LN(2)/M70,0) -> 2.2927429e-07 | O70: =10^-24 -> 1e-24 | P70: =PI()*$K$97^2*$K$98 -> 13978831 | Q70: =E70/O70 -> 2.02169e+19 | R70: =Q70*P70 -> 2.8260862e+26 | S70: =R70*N70 -> 6.4794892e+19 | T70: =S70*0.000000000027 -> 1.7494621e+09 | U70: =D70 -> Isot elem trans | V70: 3e-05 | W70: 8e-05 | X70: 1 | Y70: 1 | Z70: 100 | AA70: 50 | AB70: 10000000 | AC70: 2000000 | AD70: 10 | AE70: 3 | AF70: 100 | AG70: 100 | AH70: 10 | AI70: 2 | AJ70: =$S70*(1/X70)*(1/Z70)*(1/AB70)*(1/AD70)*(1/AF70) -> 64794892 | AK70: =$S70*(1/Y70)*(1/AA70)*(1/AC70)*(1/AE70)*(1/AG70) -> 2.1598297e+09 | AL70: =AK70*0.000000000027 -> 0.058315403 | AM70: =B70 -> Nb-95 | AO70: =$S70 -> 6.4794892e+19 | AP70: =$S70*(1/X70) -> 6.4794892e+19 | AQ70: =$S70*(1/X70)*(1/Z70) -> 6.4794892e+17 | AR70: =$S70*(1/X70)*(1/Z70)*(1/AB70) -> 6.4794892e+10 | AS70: =$S70*(1/X70)*(1/Z70)*(1/AB70)*(1/AD70) -> 6.4794892e+09 | AT70: =$S70*(1/X70)*(1/Z70)*(1/AB70)*(1/AD70)*(1/AF70) -> 64794892 | AU70: =$S70*(1/X70)*(1/Z70)*(1/AB70)*(1/AD70)*(1/AF70)*(1/AH70) -> 6479489.2 | AX70: =AO70 -> 6.4794892e+19 | AY70: =AX70*(1/Y70) -> 6.4794892e+19 | AZ70: =AY70*(1/AA70) -> 1.2958978e+18 | BA70: =AZ70*(1/AC70) -> 6.4794892e+11 | BB70: =BA70*(1/AE70) -> 2.1598297e+11 | BC70: =BB70*(1/AG70) -> 2.1598297e+09 | BD70: =BC70*(1/AI70) -> 1.0799149e+09 | BF70: 34.991 d | BG70: 3023222.4
B71: Ce-140 | C71: 58140 | D71: Isot tierras raras | E71: 0.000141465 | G71: 15.18 minutos | H71: 1.1 (minutos) | L71: 1.1 | M71: =IF(ISNUMBER(BG71),BG71,"") | N71: =IF(ISNUMBER(M71),LN(2)/M71,0) -> 0 | O71: =10^-24 -> 1e-24 | P71: =PI()*$K$97^2*$K$98 -> 13978831 | Q71: =E71/O71 -> 1.41465e+20 | R71: =Q71*P71 -> 1.9775153e+27 | S71: =R71*N71 -> 0 | T71: =S71*0.000000000027 -> 0 | U71: =D71 -> Isot tierras raras | V71: 3e-05 | W71: 8e-05 | X71: 1 | Y71: 1 | Z71: 100 | AA71: 50 | AB71: 10000000 | AC71: 2000000 | AD71: 100 | AE71: 30 | AF71: 100 | AG71: 100 | AH71: 10 | AI71: 2 | AJ71: =$S71*(1/X71)*(1/Z71)*(1/AB71)*(1/AD71)*(1/AF71) -> 0 | AK71: =$S71*(1/Y71)*(1/AA71)*(1/AC71)*(1/AE71)*(1/AG71) -> 0 | AL71: =AK71*0.000000000027 -> 0 | AM71: =B71 -> Ce-140 | AO71: =$S71 -> 0 | AP71: =$S71*(1/X71) -> 0 | AQ71: =$S71*(1/X71)*(1/Z71) -> 0 | AR71: =$S71*(1/X71)*(1/Z71)*(1/AB71) -> 0 | AS71: =$S71*(1/X71)*(1/Z71)*(1/AB71)*(1/AD71) -> 0 | AT71: =$S71*(1/X71)*(1/Z71)*(1/AB71)*(1/AD71)*(1/AF71) -> 0 | AU71: =$S71*(1/X71)*(1/Z71)*(1/AB71)*(1/AD71)*(1/AF71)*(1/AH71) -> 0 | AX71: =AO71 -> 0 | AY71: =AX71*(1/Y71) -> 0 | AZ71: =AY71*(1/AA71) -> 0 | BA71: =AZ71*(1/AC71) -> 0 | BB71: =BA71*(1/AE71) -> 0 | BC71: =BB71*(1/AG71) -> 0 | BD71: =BC71*(1/AI71) -> 0 | BF71: estable | BH71: Sm-140
B72: Ce-141 | C72: 58141 | D72: Isot tierras raras | E72: 2.33596e-05 | G72: 10.6 minutos | H72: 9.9 (minutos) | L72: 9.9 | M72: =IF(ISNUMBER(BG72),BG72,"") -> 2808432 | N72: =IF(ISNUMBER(M72),LN(2)/M72,0) -> 2.4680932e-07 | O72: =10^-24 -> 1e-24 | P72: =PI()*$K$97^2*$K$98 -> 13978831 | Q72: =E72/O72 -> 2.33596e+19 | R72: =Q72*P72 -> 3.2653989e+26 | S72: =R72*N72 -> 8.0593088e+19 | T72: =S72*0.000000000027 -> 2.1760134e+09 | U72: =D72 -> Isot tierras raras | V72: 3e-05 | W72: 8e-05 | X72: 1 | Y72: 1 | Z72: 100 | AA72: 50 | AB72: 10000000 | AC72: 2000000 | AD72: 100 | AE72: 30 | AF72: 100 | AG72: 100 | AH72: 10 | AI72: 2 | AJ72: =$S72*(1/X72)*(1/Z72)*(1/AB72)*(1/AD72)*(1/AF72) -> 8059308.8 | AK72: =$S72*(1/Y72)*(1/AA72)*(1/AC72)*(1/AE72)*(1/AG72) -> 2.6864363e+08 | AL72: =AK72*0.000000000027 -> 0.0072533779 | AM72: =B72 -> Ce-141 | AO72: =$S72 -> 8.0593088e+19 | AP72: =$S72*(1/X72) -> 8.0593088e+19 | AQ72: =$S72*(1/X72)*(1/Z72) -> 8.0593088e+17 | AR72: =$S72*(1/X72)*(1/Z72)*(1/AB72) -> 8.0593088e+10 | AS72: =$S72*(1/X72)*(1/Z72)*(1/AB72)*(1/AD72) -> 8.0593088e+08 | AT72: =$S72*(1/X72)*(1/Z72)*(1/AB72)*(1/AD72)*(1/AF72) -> 8059308.8 | AU72: =$S72*(1/X72)*(1/Z72)*(1/AB72)*(1/AD72)*(1/AF72)*(1/AH72) -> 805930.88 | AX72: =AO72 -> 8.0593088e+19 | AY72: =AX72*(1/Y72) -> 8.0593088e+19 | AZ72: =AY72*(1/AA72) -> 1.6118618e+18 | BA72: =AZ72*(1/AC72) -> 8.0593088e+11 | BB72: =BA72*(1/AE72) -> 2.6864363e+10 | BC72: =BB72*(1/AG72) -> 2.6864363e+08 | BD72: =BC72*(1/AI72) -> 1.3432181e+08 | BF72: 32.505 d | BG72: 2808432 | BH72: Sm-141
B73: Ce-142 | C73: 58142 | D73: Isot tierras raras | E73: 0.000144249 | G73: Estable | H73: 1.0 (minutos) | L73: 1 | M73: =IF(ISNUMBER(BG73),BG73,"") | N73: =IF(ISNUMBER(M73),LN(2)/M73,0) -> 0 | O73: =10^-24 -> 1e-24 | P73: =PI()*$K$97^2*$K$98 -> 13978831 | Q73: =E73/O73 -> 1.44249e+20 | R73: =Q73*P73 -> 2.0164323e+27 | S73: =R73*N73 -> 0 | T73: =S73*0.000000000027 -> 0 | U73: =D73 -> Isot tierras raras | V73: 3e-05 | W73: 8e-05 | X73: 1 | Y73: 1 | Z73: 100 | AA73: 50 | AB73: 10000000 | AC73: 2000000 | AD73: 100 | AE73: 30 | AF73: 100 | AG73: 100 | AH73: 10 | AI73: 2 | AJ73: =$S73*(1/X73)*(1/Z73)*(1/AB73)*(1/AD73)*(1/AF73) -> 0 | AK73: =$S73*(1/Y73)*(1/AA73)*(1/AC73)*(1/AE73)*(1/AG73) -> 0 | AL73: =AK73*0.000000000027 -> 0 | AM73: =B73 -> Ce-142 | AO73: =$S73 -> 0 | AP73: =$S73*(1/X73) -> 0 | AQ73: =$S73*(1/X73)*(1/Z73) -> 0 | AR73: =$S73*(1/X73)*(1/Z73)*(1/AB73) -> 0 | AS73: =$S73*(1/X73)*(1/Z73)*(1/AB73)*(1/AD73) -> 0 | AT73: =$S73*(1/X73)*(1/Z73)*(1/AB73)*(1/AD73)*(1/AF73) -> 0 | AU73: =$S73*(1/X73)*(1/Z73)*(1/AB73)*(1/AD73)*(1/AF73)*(1/AH73) -> 0 | AX73: =AO73 -> 0 | AY73: =AX73*(1/Y73) -> 0 | AZ73: =AY73*(1/AA73) -> 0 | BA73: =AZ73*(1/AC73) -> 0 | BB73: =BA73*(1/AE73) -> 0 | BC73: =BB73*(1/AG73) -> 0 | BD73: =BC73*(1/AI73) -> 0 | BF73: estable | BH73: Sm-142
B74: Ce-144 | C74: 58144 | D74: Isot tierras raras | E74: 8.66279e-05 | G74: 364 días | H74: 1.5 (horas) | K74: 1.5 | M74: =IF(ISNUMBER(BG74),BG74,"") -> 24614150 | N74: =IF(ISNUMBER(M74),LN(2)/M74,0) -> 2.8160516e-08 | O74: =10^-24 -> 1e-24 | P74: =PI()*$K$97^2*$K$98 -> 13978831 | Q74: =E74/O74 -> 8.66279e+19 | R74: =Q74*P74 -> 1.2109567e+27 | S74: =R74*N74 -> 3.4101167e+19 | T74: =S74*0.000000000027 -> 9.2073151e+08 | U74: =D74 -> Isot tierras raras | V74: 3e-05 | W74: 8e-05 | X74: 1 | Y74: 1 | Z74: 100 | AA74: 50 | AB74: 10000000 | AC74: 2000000 | AD74: 100 | AE74: 30 | AF74: 100 | AG74: 100 | AH74: 10 | AI74: 2 | AJ74: =$S74*(1/X74)*(1/Z74)*(1/AB74)*(1/AD74)*(1/AF74) -> 3410116.7 | AK74: =$S74*(1/Y74)*(1/AA74)*(1/AC74)*(1/AE74)*(1/AG74) -> 1.1367056e+08 | AL74: =AK74*0.000000000027 -> 0.003069105 | AM74: =B74 -> Ce-144 | AO74: =$S74 -> 3.4101167e+19 | AP74: =$S74*(1/X74) -> 3.4101167e+19 | AQ74: =$S74*(1/X74)*(1/Z74) -> 3.4101167e+17 | AR74: =$S74*(1/X74)*(1/Z74)*(1/AB74) -> 3.4101167e+10 | AS74: =$S74*(1/X74)*(1/Z74)*(1/AB74)*(1/AD74) -> 3.4101167e+08 | AT74: =$S74*(1/X74)*(1/Z74)*(1/AB74)*(1/AD74)*(1/AF74) -> 3410116.7 | AU74: =$S74*(1/X74)*(1/Z74)*(1/AB74)*(1/AD74)*(1/AF74)*(1/AH74) -> 341011.67 | AX74: =AO74 -> 3.4101167e+19 | AY74: =AX74*(1/Y74) -> 3.4101167e+19 | AZ74: =AY74*(1/AA74) -> 6.8202334e+17 | BA74: =AZ74*(1/AC74) -> 3.4101167e+11 | BB74: =BA74*(1/AE74) -> 1.1367056e+10 | BC74: =BB74*(1/AG74) -> 1.1367056e+08 | BD74: =BC74*(1/AI74) -> 56835278 | BF74: 284.886 d | BG74: 24614150 | BH74: Sm-144
B75: Pr-141 | C75: 59141 | D75: Isot tierras raras | E75: 0.000116698 | G75: 20 minutos | H75: 2.6 (minutos) | L75: 2.6 | M75: =IF(ISNUMBER(BG75),BG75,"") | N75: =IF(ISNUMBER(M75),LN(2)/M75,0) -> 0 | O75: =10^-24 -> 1e-24 | P75: =PI()*$K$97^2*$K$98 -> 13978831 | Q75: =E75/O75 -> 1.16698e+20 | R75: =Q75*P75 -> 1.6313016e+27 | S75: =R75*N75 -> 0 | T75: =S75*0.000000000027 -> 0 | U75: =D75 -> Isot tierras raras | V75: 3e-05 | W75: 8e-05 | X75: 1 | Y75: 1 | Z75: 100 | AA75: 50 | AB75: 10000000 | AC75: 2000000 | AD75: 100 | AE75: 30 | AF75: 100 | AG75: 100 | AH75: 10 | AI75: 2 | AJ75: =$S75*(1/X75)*(1/Z75)*(1/AB75)*(1/AD75)*(1/AF75) -> 0 | AK75: =$S75*(1/Y75)*(1/AA75)*(1/AC75)*(1/AE75)*(1/AG75) -> 0 | AL75: =AK75*0.000000000027 -> 0 | AM75: =B75 -> Pr-141 | AO75: =$S75 -> 0 | AP75: =$S75*(1/X75) -> 0 | AQ75: =$S75*(1/X75)*(1/Z75) -> 0 | AR75: =$S75*(1/X75)*(1/Z75)*(1/AB75) -> 0 | AS75: =$S75*(1/X75)*(1/Z75)*(1/AB75)*(1/AD75) -> 0 | AT75: =$S75*(1/X75)*(1/Z75)*(1/AB75)*(1/AD75)*(1/AF75) -> 0 | AU75: =$S75*(1/X75)*(1/Z75)*(1/AB75)*(1/AD75)*(1/AF75)*(1/AH75) -> 0 | AX75: =AO75 -> 0 | AY75: =AX75*(1/Y75) -> 0 | AZ75: =AY75*(1/AA75) -> 0 | BA75: =AZ75*(1/AC75) -> 0 | BB75: =BA75*(1/AE75) -> 0 | BC75: =BB75*(1/AG75) -> 0 | BD75: =BC75*(1/AI75) -> 0 | BF75: estable | BH75: Pm-141
B76: Pr-143 | C76: 59143 | D76: Isot tierras raras | E76: 1.0667e-05 | G76: 265 días | H76: 1.0 (minutos) | L76: 1 | M76: =IF(ISNUMBER(BG76),BG76,"") -> 1172448 | N76: =IF(ISNUMBER(M76),LN(2)/M76,0) -> 5.9119652e-07 | O76: =10^-24 -> 1e-24 | P76: =PI()*$K$97^2*$K$98 -> 13978831 | Q76: =E76/O76 -> 1.0667e+19 | R76: =Q76*P76 -> 1.4911219e+26 | S76: =R76*N76 -> 8.8154606e+19 | T76: =S76*0.000000000027 -> 2.3801744e+09 | U76: =D76 -> Isot tierras raras | V76: 3e-05 | W76: 8e-05 | X76: 1 | Y76: 1 | Z76: 100 | AA76: 50 | AB76: 10000000 | AC76: 2000000 | AD76: 100 | AE76: 30 | AF76: 100 | AG76: 100 | AH76: 10 | AI76: 2 | AJ76: =$S76*(1/X76)*(1/Z76)*(1/AB76)*(1/AD76)*(1/AF76) -> 8815460.6 | AK76: =$S76*(1/Y76)*(1/AA76)*(1/AC76)*(1/AE76)*(1/AG76) -> 2.9384869e+08 | AL76: =AK76*0.000000000027 -> 0.0079339146 | AM76: =B76 -> Pr-143 | AO76: =$S76 -> 8.8154606e+19 | AP76: =$S76*(1/X76) -> 8.8154606e+19 | AQ76: =$S76*(1/X76)*(1/Z76) -> 8.8154606e+17 | AR76: =$S76*(1/X76)*(1/Z76)*(1/AB76) -> 8.8154606e+10 | AS76: =$S76*(1/X76)*(1/Z76)*(1/AB76)*(1/AD76) -> 8.8154606e+08 | AT76: =$S76*(1/X76)*(1/Z76)*(1/AB76)*(1/AD76)*(1/AF76) -> 8815460.6 | AU76: =$S76*(1/X76)*(1/Z76)*(1/AB76)*(1/AD76)*(1/AF76)*(1/AH76) -> 881546.06 | AX76: =AO76 -> 8.8154606e+19 | AY76: =AX76*(1/Y76) -> 8.8154606e+19 | AZ76: =AY76*(1/AA76) -> 1.7630921e+18 | BA76: =AZ76*(1/AC76) -> 8.8154606e+11 | BB76: =BA76*(1/AE76) -> 2.9384869e+10 | BC76: =BB76*(1/AG76) -> 2.9384869e+08 | BD76: =BC76*(1/AI76) -> 1.4692434e+08 | BF76: 13.57 d | BG76: 1172448 | BH76: Pm-143
B77: Nd-143 | C77: 60143 | D77: Isot tierras raras | E77: 0.000100964 | G77: Estable | H77: 3.7 (minutos) | L77: 3.7 | M77: =IF(ISNUMBER(BG77),BG77,"") | N77: =IF(ISNUMBER(M77),LN(2)/M77,0) -> 0 | O77: =10^-24 -> 1e-24 | P77: =PI()*$K$97^2*$K$98 -> 13978831 | Q77: =E77/O77 -> 1.00964e+20 | R77: =Q77*P77 -> 1.4113587e+27 | S77: =R77*N77 -> 0 | T77: =S77*0.000000000027 -> 0 | U77: =D77 -> Isot tierras raras | V77: 3e-05 | W77: 8e-05 | X77: 1 | Y77: 1 | Z77: 100 | AA77: 50 | AB77: 10000000 | AC77: 2000000 | AD77: 100 | AE77: 30 | AF77: 100 | AG77: 100 | AH77: 10 | AI77: 2 | AJ77: =$S77*(1/X77)*(1/Z77)*(1/AB77)*(1/AD77)*(1/AF77) -> 0 | AK77: =$S77*(1/Y77)*(1/AA77)*(1/AC77)*(1/AE77)*(1/AG77) -> 0 | AL77: =AK77*0.000000000027 -> 0 | AM77: =B77 -> Nd-143 | AO77: =$S77 -> 0 | AP77: =$S77*(1/X77) -> 0 | AQ77: =$S77*(1/X77)*(1/Z77) -> 0 | AR77: =$S77*(1/X77)*(1/Z77)*(1/AB77) -> 0 | AS77: =$S77*(1/X77)*(1/Z77)*(1/AB77)*(1/AD77) -> 0 | AT77: =$S77*(1/X77)*(1/Z77)*(1/AB77)*(1/AD77)*(1/AF77) -> 0 | AU77: =$S77*(1/X77)*(1/Z77)*(1/AB77)*(1/AD77)*(1/AF77)*(1/AH77) -> 0 | AX77: =AO77 -> 0 | AY77: =AX77*(1/Y77) -> 0 | AZ77: =AY77*(1/AA77) -> 0 | BA77: =AZ77*(1/AC77) -> 0 | BB77: =BA77*(1/AE77) -> 0 | BC77: =BB77*(1/AG77) -> 0 | BD77: =BC77*(1/AI77) -> 0 | BF77: estable
B78: Nd-144 | C78: 60144 | D78: Isot tierras raras | E78: 7.13987e-05 | G78: 2.29 años | H78: 2.3 (minutos) | L78: 2.3 | M78: =IF(ISNUMBER(BG78),BG78,"") | N78: =IF(ISNUMBER(M78),LN(2)/M78,0) -> 0 | O78: =10^-24 -> 1e-24 | P78: =PI()*$K$97^2*$K$98 -> 13978831 | Q78: =E78/O78 -> 7.13987e+19 | R78: =Q78*P78 -> 9.9807034e+26 | S78: =R78*N78 -> 0 | T78: =S78*0.000000000027 -> 0 | U78: =D78 -> Isot tierras raras | V78: 3e-05 | W78: 8e-05 | X78: 1 | Y78: 1 | Z78: 100 | AA78: 50 | AB78: 10000000 | AC78: 2000000 | AD78: 100 | AE78: 30 | AF78: 100 | AG78: 100 | AH78: 10 | AI78: 2 | AJ78: =$S78*(1/X78)*(1/Z78)*(1/AB78)*(1/AD78)*(1/AF78) -> 0 | AK78: =$S78*(1/Y78)*(1/AA78)*(1/AC78)*(1/AE78)*(1/AG78) -> 0 | AL78: =AK78*0.000000000027 -> 0 | AM78: =B78 -> Nd-144 | AO78: =$S78 -> 0 | AP78: =$S78*(1/X78) -> 0 | AQ78: =$S78*(1/X78)*(1/Z78) -> 0 | AR78: =$S78*(1/X78)*(1/Z78)*(1/AB78) -> 0 | AS78: =$S78*(1/X78)*(1/Z78)*(1/AB78)*(1/AD78) -> 0 | AT78: =$S78*(1/X78)*(1/Z78)*(1/AB78)*(1/AD78)*(1/AF78) -> 0 | AU78: =$S78*(1/X78)*(1/Z78)*(1/AB78)*(1/AD78)*(1/AF78)*(1/AH78) -> 0 | AX78: =AO78 -> 0 | AY78: =AX78*(1/Y78) -> 0 | AZ78: =AY78*(1/AA78) -> 0 | BA78: =AZ78*(1/AC78) -> 0 | BB78: =BA78*(1/AE78) -> 0 | BC78: =BB78*(1/AG78) -> 0 | BD78: =BC78*(1/AI78) -> 0 | BF78: 2.29 Py (estable a efectos prácticos)
B79: Gd-157 | C79: 64157 | E79: 1.76087e-08 | G79: Estable | H79: Estable | M79: =IF(ISNUMBER(BG79),BG79,"") | N79: =IF(ISNUMBER(M79),LN(2)/M79,0) -> 0 | O79: =10^-24 -> 1e-24 | P79: =PI()*$K$97^2*$K$98 -> 13978831 | Q79: =E79/O79 -> 1.76087e+16 | R79: =Q79*P79 -> 2.4614904e+23 | S79: =R79*N79 -> 0 | V79: 3e-05 | W79: 8e-05 | X79: 0.01 | Z79: 0.999 | AJ79: =S79*X79*(1-Z79) -> 0 | BF79: estable
B80: Nd-145 | C80: 60145 | D80: Isot tierras raras | E80: 8.47874e-05 | G80: Estable | H80: 3.5 (horas) | K80: 3.5 | M80: =IF(ISNUMBER(BG80),BG80,"") | N80: =IF(ISNUMBER(M80),LN(2)/M80,0) -> 0 | O80: =10^-24 -> 1e-24 | P80: =PI()*$K$97^2*$K$98 -> 13978831 | Q80: =E80/O80 -> 8.47874e+19 | R80: =Q80*P80 -> 1.1852287e+27 | S80: =R80*N80 -> 0 | T80: =S80*0.000000000027 -> 0 | U80: =D80 -> Isot tierras raras | V80: 3e-05 | W80: 8e-05 | X80: 1 | Y80: 1 | Z80: 100 | AA80: 50 | AB80: 10000000 | AC80: 2000000 | AD80: 100 | AE80: 30 | AF80: 100 | AG80: 100 | AH80: 10 | AI80: 2 | AJ80: =$S80*(1/X80)*(1/Z80)*(1/AB80)*(1/AD80)*(1/AF80) -> 0 | AK80: =$S80*(1/Y80)*(1/AA80)*(1/AC80)*(1/AE80)*(1/AG80) -> 0 | AL80: =AK80*0.000000000027 -> 0 | AM80: =B80 -> Nd-145 | AO80: =$S80 -> 0 | AP80: =$S80*(1/X80) -> 0 | AQ80: =$S80*(1/X80)*(1/Z80) -> 0 | AR80: =$S80*(1/X80)*(1/Z80)*(1/AB80) -> 0 | AS80: =$S80*(1/X80)*(1/Z80)*(1/AB80)*(1/AD80) -> 0 | AT80: =$S80*(1/X80)*(1/Z80)*(1/AB80)*(1/AD80)*(1/AF80) -> 0 | AU80: =$S80*(1/X80)*(1/Z80)*(1/AB80)*(1/AD80)*(1/AF80)*(1/AH80) -> 0 | AX80: =AO80 -> 0 | AY80: =AX80*(1/Y80) -> 0 | AZ80: =AY80*(1/AA80) -> 0 | BA80: =AZ80*(1/AC80) -> 0 | BB80: =BA80*(1/AE80) -> 0 | BC80: =BB80*(1/AG80) -> 0 | BD80: =BC80*(1/AI80) -> 0 | BF80: estable
B81: U-236 | C81: 92236 | D81: Pu, Actinidos | E81: 0.000433584 | F81: 23.43 E6 a | G81: 2.342 × 10^7 años | H81: 23.4E6 (años) | M81: =IF(ISNUMBER(BG81),BG81,"") -> 739063208793600 | N81: =IF(ISNUMBER(M81),LN(2)/M81,0) -> 9.3787266e-16 | O81: =10^-24 -> 1e-24 | P81: =PI()*$K$97^2*$K$98 -> 13978831 | Q81: =E81/O81 -> 4.33584e+20 | R81: =Q81*P81 -> 6.0609973e+27 | S81: =R81*N81 -> 5.6844437e+12 | V81: 3e-05 | W81: 8e-05 | X81: 1 | Y81: 1 | Z81: 200 | AA81: 100 | AB81: =10^7 -> 10000000 | AC81: =2000000 -> 2000000 | AD81: 100 | AE81: 30 | AF81: 100 | AG81: 100 | AH81: 10 | AI81: 2 | AJ81: =$S81*(1/X81)*(1/Z81)*(1/AB81)*(1/AD81)*(1/AF81)*(1/AH81) -> 0.028422219 | AK81: =$S81*(1/Y81)*(1/AA81)*(1/AC81)*(1/AE81)*(1/AG81)*(1/AI81) -> 4.7370364 | AL81: =AK81*0.000000000027 -> 1.2789998e-10 | AM81: =B81 -> U-236 | AO81: =$S81 -> 5.6844437e+12 | AP81: =$S81*(1/X81) -> 5.6844437e+12 | AQ81: =$S81*(1/X81)*(1/Z81) -> 2.8422219e+10 | AR81: =$S81*(1/X81)*(1/Z81)*(1/AB81) -> 2842.2219 | AS81: =$S81*(1/X81)*(1/Z81)*(1/AB81)*(1/AD81) -> 28.422219 | AT81: =$S81*(1/X81)*(1/Z81)*(1/AB81)*(1/AD81)*(1/AF81) -> 0.28422219 | AU81: =$S81*(1/X81)*(1/Z81)*(1/AB81)*(1/AD81)*(1/AF81)*(1/AH81) -> 0.028422219 | AX81: =AO81 -> 5.6844437e+12 | AY81: =AX81*(1/Y81) -> 5.6844437e+12 | AZ81: =AY81*(1/AA81) -> 5.6844437e+10 | BA81: =AZ81*(1/AC81) -> 28422.219 | BB81: =BA81*(1/AE81) -> 947.40728 | BC81: =BB81*(1/AG81) -> 9.4740728 | BD81: =BC81*(1/AI81) -> 4.7370364 | BF81: 23.42 My | BG81: 739063208793600 | BI81: grupo «Pu, Actinidos» asignado (factores copiados de U-235)
B82: Nd-146 | C82: 60146 | D82: Isot tierras raras | E82: 8.23345e-05 | G82: Estable | H82: 13.5 (días) | J82: 13.5 | M82: =IF(ISNUMBER(BG82),BG82,"") | N82: =IF(ISNUMBER(M82),LN(2)/M82,0) -> 0 | O82: =10^-24 -> 1e-24 | P82: =PI()*$K$97^2*$K$98 -> 13978831 | Q82: =E82/O82 -> 8.23345e+19 | R82: =Q82*P82 -> 1.15094e+27 | S82: =R82*N82 -> 0 | T82: =S82*0.000000000027 -> 0 | U82: =D82 -> Isot tierras raras | V82: 3e-05 | W82: 8e-05 | X82: 1 | Y82: 1 | Z82: 100 | AA82: 50 | AB82: 10000000 | AC82: 2000000 | AD82: 100 | AE82: 30 | AF82: 100 | AG82: 100 | AH82: 10 | AI82: 2 | AJ82: =$S82*(1/X82)*(1/Z82)*(1/AB82)*(1/AD82)*(1/AF82) -> 0 | AK82: =$S82*(1/Y82)*(1/AA82)*(1/AC82)*(1/AE82)*(1/AG82) -> 0 | AL82: =AK82*0.000000000027 -> 0 | AM82: =B82 -> Nd-146 | AO82: =$S82 -> 0 | AP82: =$S82*(1/X82) -> 0 | AQ82: =$S82*(1/X82)*(1/Z82) -> 0 | AR82: =$S82*(1/X82)*(1/Z82)*(1/AB82) -> 0 | AS82: =$S82*(1/X82)*(1/Z82)*(1/AB82)*(1/AD82) -> 0 | AT82: =$S82*(1/X82)*(1/Z82)*(1/AB82)*(1/AD82)*(1/AF82) -> 0 | AU82: =$S82*(1/X82)*(1/Z82)*(1/AB82)*(1/AD82)*(1/AF82)*(1/AH82) -> 0 | AX82: =AO82 -> 0 | AY82: =AX82*(1/Y82) -> 0 | AZ82: =AY82*(1/AA82) -> 0 | BA82: =AZ82*(1/AC82) -> 0 | BB82: =BA82*(1/AE82) -> 0 | BC82: =BB82*(1/AG82) -> 0 | BD82: =BC82*(1/AI82) -> 0 | BF82: estable
B83: Nd-147 | C83: 60147 | D83: Isot tierras raras | E83: 3.36571e-06 | F83: 10.987 d | G83: 10.98 días | H83: 1.8 (horas) | K83: 1.8 | M83: =IF(ISNUMBER(BG83),BG83,"") -> 948672 | N83: =IF(ISNUMBER(M83),LN(2)/M83,0) -> 7.3064998e-07 | O83: =10^-24 -> 1e-24 | P83: =PI()*$K$97^2*$K$98 -> 13978831 | Q83: =E83/O83 -> 3.36571e+18 | R83: =Q83*P83 -> 4.704869e+25 | S83: =R83*N83 -> 3.4376125e+19 | T83: =S83*0.000000000027 -> 9.2815537e+08 | U83: =D83 -> Isot tierras raras | V83: 3e-05 | W83: 8e-05 | X83: 1 | Y83: 1 | Z83: 100 | AA83: 50 | AB83: 10000000 | AC83: 2000000 | AD83: 100 | AE83: 30 | AF83: 100 | AG83: 100 | AH83: 10 | AI83: 2 | AJ83: =$S83*(1/X83)*(1/Z83)*(1/AB83)*(1/AD83)*(1/AF83) -> 3437612.5 | AK83: =$S83*(1/Y83)*(1/AA83)*(1/AC83)*(1/AE83)*(1/AG83) -> 1.1458708e+08 | AL83: =AK83*0.000000000027 -> 0.0030938512 | AM83: =B83 -> Nd-147 | AO83: =$S83 -> 3.4376125e+19 | AP83: =$S83*(1/X83) -> 3.4376125e+19 | AQ83: =$S83*(1/X83)*(1/Z83) -> 3.4376125e+17 | AR83: =$S83*(1/X83)*(1/Z83)*(1/AB83) -> 3.4376125e+10 | AS83: =$S83*(1/X83)*(1/Z83)*(1/AB83)*(1/AD83) -> 3.4376125e+08 | AT83: =$S83*(1/X83)*(1/Z83)*(1/AB83)*(1/AD83)*(1/AF83) -> 3437612.5 | AU83: =$S83*(1/X83)*(1/Z83)*(1/AB83)*(1/AD83)*(1/AF83)*(1/AH83) -> 343761.25 | AX83: =AO83 -> 3.4376125e+19 | AY83: =AX83*(1/Y83) -> 3.4376125e+19 | AZ83: =AY83*(1/AA83) -> 6.8752249e+17 | BA83: =AZ83*(1/AC83) -> 3.4376125e+11 | BB83: =BA83*(1/AE83) -> 1.1458708e+10 | BC83: =BB83*(1/AG83) -> 1.1458708e+08 | BD83: =BC83*(1/AI83) -> 57293541 | BF83: 10.98 d | BG83: 948672
B84: Nd-150 | C84: 60150 | D84: Isot tierras raras | E84: 1.83824e-05 | G84: Estable | H84: 7.0E18 (años) | I84: 7e+18 | M84: =IF(ISNUMBER(BG84),BG84,"") | N84: =IF(ISNUMBER(M84),LN(2)/M84,0) -> 0 | O84: =10^-24 -> 1e-24 | P84: =PI()*$K$97^2*$K$98 -> 13978831 | Q84: =E84/O84 -> 1.83824e+19 | R84: =Q84*P84 -> 2.5696446e+26 | S84: =R84*N84 -> 0 | T84: =S84*0.000000000027 -> 0 | U84: =D84 -> Isot tierras raras | V84: 3e-05 | W84: 8e-05 | X84: 1 | Y84: 1 | Z84: 100 | AA84: 50 | AB84: 10000000 | AC84: 2000000 | AD84: 100 | AE84: 30 | AF84: 100 | AG84: 100 | AH84: 10 | AI84: 2 | AJ84: =$S84*(1/X84)*(1/Z84)*(1/AB84)*(1/AD84)*(1/AF84) -> 0 | AK84: =$S84*(1/Y84)*(1/AA84)*(1/AC84)*(1/AE84)*(1/AG84) -> 0 | AL84: =AK84*0.000000000027 -> 0 | AM84: =B84 -> Nd-150 | AO84: =$S84 -> 0 | AP84: =$S84*(1/X84) -> 0 | AQ84: =$S84*(1/X84)*(1/Z84) -> 0 | AR84: =$S84*(1/X84)*(1/Z84)*(1/AB84) -> 0 | AS84: =$S84*(1/X84)*(1/Z84)*(1/AB84)*(1/AD84) -> 0 | AT84: =$S84*(1/X84)*(1/Z84)*(1/AB84)*(1/AD84)*(1/AF84) -> 0 | AU84: =$S84*(1/X84)*(1/Z84)*(1/AB84)*(1/AD84)*(1/AF84)*(1/AH84) -> 0 | AX84: =AO84 -> 0 | AY84: =AX84*(1/Y84) -> 0 | AZ84: =AY84*(1/AA84) -> 0 | BA84: =AZ84*(1/AC84) -> 0 | BB84: =BA84*(1/AE84) -> 0 | BC84: =BB84*(1/AG84) -> 0 | BD84: =BC84*(1/AI84) -> 0 | BF84: 9.3 Ey (estable a efectos prácticos)
B85: Sm-147 | C85: 62147 | D85: Isot tierras raras | E85: 3.14028e-06 | F85: 38.06 h* | G85: 38.06 horas | H85: 38.0 (horas) | K85: 38 | M85: =IF(ISNUMBER(BG85),BG85,"") -> 3.3639683e+18 | N85: =IF(ISNUMBER(M85),LN(2)/M85,0) -> 2.0605045e-19 | O85: =10^-24 -> 1e-24 | P85: =PI()*$K$97^2*$K$98 -> 13978831 | Q85: =E85/O85 -> 3.14028e+18 | R85: =Q85*P85 -> 4.3897442e+25 | S85: =R85*N85 -> 9045087.7 | T85: =S85*0.000000000027 -> 0.00024421737 | U85: =D85 -> Isot tierras raras | V85: 3e-05 | W85: 8e-05 | X85: 1 | Y85: 1 | Z85: 100 | AA85: 50 | AB85: 10000000 | AC85: 2000000 | AD85: 100 | AE85: 30 | AF85: 100 | AG85: 100 | AH85: 10 | AI85: 2 | AJ85: =$S85*(1/X85)*(1/Z85)*(1/AB85)*(1/AD85)*(1/AF85) -> 9.0450877e-07 | AK85: =$S85*(1/Y85)*(1/AA85)*(1/AC85)*(1/AE85)*(1/AG85) -> 3.0150292e-05 | AL85: =AK85*0.000000000027 -> 8.1405789e-16 | AM85: =B85 -> Sm-147 | AO85: =$S85 -> 9045087.7 | AP85: =$S85*(1/X85) -> 9045087.7 | AQ85: =$S85*(1/X85)*(1/Z85) -> 90450.877 | AR85: =$S85*(1/X85)*(1/Z85)*(1/AB85) -> 0.0090450877 | AS85: =$S85*(1/X85)*(1/Z85)*(1/AB85)*(1/AD85) -> 9.0450877e-05 | AT85: =$S85*(1/X85)*(1/Z85)*(1/AB85)*(1/AD85)*(1/AF85) -> 9.0450877e-07 | AU85: =$S85*(1/X85)*(1/Z85)*(1/AB85)*(1/AD85)*(1/AF85)*(1/AH85) -> 9.0450877e-08 | AX85: =AO85 -> 9045087.7 | AY85: =AX85*(1/Y85) -> 9045087.7 | AZ85: =AY85*(1/AA85) -> 180901.75 | BA85: =AZ85*(1/AC85) -> 0.090450877 | BB85: =BA85*(1/AE85) -> 0.0030150292 | BC85: =BB85*(1/AG85) -> 3.0150292e-05 | BD85: =BC85*(1/AI85) -> 1.5075146e-05 | BF85: 106.6 Gy | BG85: 3.3639683e+18 | BH85: Gd-147
B86: Sm-149 | C86: 62149 | D86: Isot tierras raras | E86: 3.24339e-07 | G86: 9.28 días | H86: 1.7 (horas) | K86: 1.7 | M86: =IF(ISNUMBER(BG86),BG86,"") | N86: =IF(ISNUMBER(M86),LN(2)/M86,0) -> 0 | O86: =10^-24 -> 1e-24 | P86: =PI()*$K$97^2*$K$98 -> 13978831 | Q86: =E86/O86 -> 3.24339e+17 | R86: =Q86*P86 -> 4.53388e+24 | S86: =R86*N86 -> 0 | T86: =S86*0.000000000027 -> 0 | U86: =D86 -> Isot tierras raras | V86: 3e-05 | W86: 8e-05 | X86: 1 | Y86: 1 | Z86: 100 | AA86: 50 | AB86: 10000000 | AC86: 2000000 | AD86: 100 | AE86: 30 | AF86: 100 | AG86: 100 | AH86: 10 | AI86: 2 | AJ86: =$S86*(1/X86)*(1/Z86)*(1/AB86)*(1/AD86)*(1/AF86) -> 0 | AK86: =$S86*(1/Y86)*(1/AA86)*(1/AC86)*(1/AE86)*(1/AG86) -> 0 | AL86: =AK86*0.000000000027 -> 0 | AM86: =B86 -> Sm-149 | AO86: =$S86 -> 0 | AP86: =$S86*(1/X86) -> 0 | AQ86: =$S86*(1/X86)*(1/Z86) -> 0 | AR86: =$S86*(1/X86)*(1/Z86)*(1/AB86) -> 0 | AS86: =$S86*(1/X86)*(1/Z86)*(1/AB86)*(1/AD86) -> 0 | AT86: =$S86*(1/X86)*(1/Z86)*(1/AB86)*(1/AD86)*(1/AF86) -> 0 | AU86: =$S86*(1/X86)*(1/Z86)*(1/AB86)*(1/AD86)*(1/AF86)*(1/AH86) -> 0 | AX86: =AO86 -> 0 | AY86: =AX86*(1/Y86) -> 0 | AZ86: =AY86*(1/AA86) -> 0 | BA86: =AZ86*(1/AC86) -> 0 | BB86: =BA86*(1/AE86) -> 0 | BC86: =BB86*(1/AG86) -> 0 | BD86: =BC86*(1/AI86) -> 0 | BF86: estable | BH86: Gd-149
B87: Sm-150 | C87: 62150 | D87: Isot tierras raras | E87: 2.42831e-05 | G87: Estable | H87: 18.5 (horas) | K87: 18.5 | M87: =IF(ISNUMBER(BG87),BG87,"") | N87: =IF(ISNUMBER(M87),LN(2)/M87,0) -> 0 | O87: =10^-24 -> 1e-24 | P87: =PI()*$K$97^2*$K$98 -> 13978831 | Q87: =E87/O87 -> 2.42831e+19 | R87: =Q87*P87 -> 3.3944934e+26 | S87: =R87*N87 -> 0 | T87: =S87*0.000000000027 -> 0 | U87: =D87 -> Isot tierras raras | V87: 3e-05 | W87: 8e-05 | X87: 1 | Y87: 1 | Z87: 100 | AA87: 50 | AB87: 10000000 | AC87: 2000000 | AD87: 100 | AE87: 30 | AF87: 100 | AG87: 100 | AH87: 10 | AI87: 2 | AJ87: =$S87*(1/X87)*(1/Z87)*(1/AB87)*(1/AD87)*(1/AF87) -> 0 | AK87: =$S87*(1/Y87)*(1/AA87)*(1/AC87)*(1/AE87)*(1/AG87) -> 0 | AL87: =AK87*0.000000000027 -> 0 | AM87: =B87 -> Sm-150 | AO87: =$S87 -> 0 | AP87: =$S87*(1/X87) -> 0 | AQ87: =$S87*(1/X87)*(1/Z87) -> 0 | AR87: =$S87*(1/X87)*(1/Z87)*(1/AB87) -> 0 | AS87: =$S87*(1/X87)*(1/Z87)*(1/AB87)*(1/AD87) -> 0 | AT87: =$S87*(1/X87)*(1/Z87)*(1/AB87)*(1/AD87)*(1/AF87) -> 0 | AU87: =$S87*(1/X87)*(1/Z87)*(1/AB87)*(1/AD87)*(1/AF87)*(1/AH87) -> 0 | AX87: =AO87 -> 0 | AY87: =AX87*(1/Y87) -> 0 | AZ87: =AY87*(1/AA87) -> 0 | BA87: =AZ87*(1/AC87) -> 0 | BB87: =BA87*(1/AE87) -> 0 | BC87: =BB87*(1/AG87) -> 0 | BD87: =BC87*(1/AI87) -> 0 | BF87: estable | BH87: Gd-150
B88: Sm-151 | C88: 62151 | D88: Isot tierras raras | E88: 1.86627e-06 | G88: 124 días | H88: 1.0 (minutos) | L88: 1 | M88: =IF(ISNUMBER(BG88),BG88,"") -> 2.9852852e+09 | N88: =IF(ISNUMBER(M88),LN(2)/M88,0) -> 2.3218793e-10 | O88: =10^-24 -> 1e-24 | P88: =PI()*$K$97^2*$K$98 -> 13978831 | Q88: =E88/O88 -> 1.86627e+18 | R88: =Q88*P88 -> 2.6088272e+25 | S88: =R88*N88 -> 6.0573818e+15 | T88: =S88*0.000000000027 -> 163549.31 | U88: =D88 -> Isot tierras raras | V88: 3e-05 | W88: 8e-05 | X88: 1 | Y88: 1 | Z88: 100 | AA88: 50 | AB88: 10000000 | AC88: 2000000 | AD88: 100 | AE88: 30 | AF88: 100 | AG88: 100 | AH88: 10 | AI88: 2 | AJ88: =$S88*(1/X88)*(1/Z88)*(1/AB88)*(1/AD88)*(1/AF88) -> 605.73818 | AK88: =$S88*(1/Y88)*(1/AA88)*(1/AC88)*(1/AE88)*(1/AG88) -> 20191.273 | AL88: =AK88*0.000000000027 -> 5.4516437e-07 | AM88: =B88 -> Sm-151 | AO88: =$S88 -> 6.0573818e+15 | AP88: =$S88*(1/X88) -> 6.0573818e+15 | AQ88: =$S88*(1/X88)*(1/Z88) -> 6.0573818e+13 | AR88: =$S88*(1/X88)*(1/Z88)*(1/AB88) -> 6057381.8 | AS88: =$S88*(1/X88)*(1/Z88)*(1/AB88)*(1/AD88) -> 60573.818 | AT88: =$S88*(1/X88)*(1/Z88)*(1/AB88)*(1/AD88)*(1/AF88) -> 605.73818 | AU88: =$S88*(1/X88)*(1/Z88)*(1/AB88)*(1/AD88)*(1/AF88)*(1/AH88) -> 60.573818 | AX88: =AO88 -> 6.0573818e+15 | AY88: =AX88*(1/Y88) -> 6.0573818e+15 | AZ88: =AY88*(1/AA88) -> 121147636807935 | BA88: =AZ88*(1/AC88) -> 60573818 | BB88: =BA88*(1/AE88) -> 2019127.3 | BC88: =BB88*(1/AG88) -> 20191.273 | BD88: =BC88*(1/AI88) -> 10095.636 | BF88: 94.6 y | BG88: 2.9852852e+09 | BH88: Gd-151
B89: Sm-152 | C89: 62152 | D89: Isot tierras raras | E89: 1.06573e-05 | G89: Estable | H89: 4.8 (horas) | K89: 4.8 | M89: =IF(ISNUMBER(BG89),BG89,"") | N89: =IF(ISNUMBER(M89),LN(2)/M89,0) -> 0 | O89: =10^-24 -> 1e-24 | P89: =PI()*$K$97^2*$K$98 -> 13978831 | Q89: =E89/O89 -> 1.06573e+19 | R89: =Q89*P89 -> 1.4897659e+26 | S89: =R89*N89 -> 0 | T89: =S89*0.000000000027 -> 0 | U89: =D89 -> Isot tierras raras | V89: 3e-05 | W89: 8e-05 | X89: 1 | Y89: 1 | Z89: 100 | AA89: 50 | AB89: 10000000 | AC89: 2000000 | AD89: 100 | AE89: 30 | AF89: 100 | AG89: 100 | AH89: 10 | AI89: 2 | AJ89: =$S89*(1/X89)*(1/Z89)*(1/AB89)*(1/AD89)*(1/AF89) -> 0 | AK89: =$S89*(1/Y89)*(1/AA89)*(1/AC89)*(1/AE89)*(1/AG89) -> 0 | AL89: =AK89*0.000000000027 -> 0 | AM89: =B89 -> Sm-152 | AO89: =$S89 -> 0 | AP89: =$S89*(1/X89) -> 0 | AQ89: =$S89*(1/X89)*(1/Z89) -> 0 | AR89: =$S89*(1/X89)*(1/Z89)*(1/AB89) -> 0 | AS89: =$S89*(1/X89)*(1/Z89)*(1/AB89)*(1/AD89) -> 0 | AT89: =$S89*(1/X89)*(1/Z89)*(1/AB89)*(1/AD89)*(1/AF89) -> 0 | AU89: =$S89*(1/X89)*(1/Z89)*(1/AB89)*(1/AD89)*(1/AF89)*(1/AH89) -> 0 | AX89: =AO89 -> 0 | AY89: =AX89*(1/Y89) -> 0 | AZ89: =AY89*(1/AA89) -> 0 | BA89: =AZ89*(1/AC89) -> 0 | BB89: =BA89*(1/AE89) -> 0 | BC89: =BB89*(1/AG89) -> 0 | BD89: =BC89*(1/AI89) -> 0 | BF89: estable | BH89: Gd-152
B90: Eu-153 | C90: 63153 | D90: Isot tierras raras | E90: 1.08169e-05 | G90: 6.4 horas | H90: 2.1 (minutos) | L90: 2.1 | M90: =IF(ISNUMBER(BG90),BG90,"") | N90: =IF(ISNUMBER(M90),LN(2)/M90,0) -> 0 | O90: =10^-24 -> 1e-24 | P90: =PI()*$K$97^2*$K$98 -> 13978831 | Q90: =E90/O90 -> 1.08169e+19 | R90: =Q90*P90 -> 1.5120761e+26 | S90: =R90*N90 -> 0 | T90: =S90*0.000000000027 -> 0 | U90: =D90 -> Isot tierras raras | V90: 3e-05 | W90: 8e-05 | X90: 1 | Y90: 1 | Z90: 100 | AA90: 50 | AB90: 10000000 | AC90: 2000000 | AD90: 100 | AE90: 30 | AF90: 100 | AG90: 100 | AH90: 10 | AI90: 2 | AJ90: =$S90*(1/X90)*(1/Z90)*(1/AB90)*(1/AD90)*(1/AF90) -> 0 | AK90: =$S90*(1/Y90)*(1/AA90)*(1/AC90)*(1/AE90)*(1/AG90) -> 0 | AL90: =AK90*0.000000000027 -> 0 | AM90: =B90 -> Eu-153 | AO90: =$S90 -> 0 | AP90: =$S90*(1/X90) -> 0 | AQ90: =$S90*(1/X90)*(1/Z90) -> 0 | AR90: =$S90*(1/X90)*(1/Z90)*(1/AB90) -> 0 | AS90: =$S90*(1/X90)*(1/Z90)*(1/AB90)*(1/AD90) -> 0 | AT90: =$S90*(1/X90)*(1/Z90)*(1/AB90)*(1/AD90)*(1/AF90) -> 0 | AU90: =$S90*(1/X90)*(1/Z90)*(1/AB90)*(1/AD90)*(1/AF90)*(1/AH90) -> 0 | AX90: =AO90 -> 0 | AY90: =AX90*(1/Y90) -> 0 | AZ90: =AY90*(1/AA90) -> 0 | BA90: =AZ90*(1/AC90) -> 0 | BB90: =BA90*(1/AE90) -> 0 | BC90: =BB90*(1/AG90) -> 0 | BD90: =BC90*(1/AI90) -> 0 | BF90: estable | BH90: Dy-153
B91: Eu-154 | C91: 63154 | D91: Sr, Ba, Eu | E91: 1.93525e-06 | G91: 3.0 × 10^6 años | H91: 1.8 (minutos) | L91: 1.8 | M91: =IF(ISNUMBER(BG91),BG91,"") -> 2.7113711e+08 | N91: =IF(ISNUMBER(M91),LN(2)/M91,0) -> 2.5564453e-09 | O91: =10^-24 -> 1e-24 | P91: =PI()*$K$97^2*$K$98 -> 13978831 | Q91: =E91/O91 -> 1.93525e+18 | R91: =Q91*P91 -> 2.7052532e+25 | S91: =R91*N91 -> 6.9158318e+16 | T91: =S91*0.000000000027 -> 1867274.6 | U91: =D91 -> Sr, Ba, Eu | V91: 3e-05 | W91: 8e-05 | X91: 1 | Y91: 1 | Z91: 1 | AA91: 1 | AB91: =10^6 -> 1000000 | AC91: =200000 -> 200000 | AD91: 100 | AE91: 30 | AF91: 100 | AG91: 100 | AH91: 10 | AI91: 2 | AJ91: =$S91*(1/X91)*(1/Z91)*(1/AB91)*(1/AD91)*(1/AF91)*(1/AH91) -> 691583.18 | AK91: =$S91*(1/Y91)*(1/AA91)*(1/AC91)*(1/AE91)*(1/AG91)*(1/AI91) -> 57631931 | AL91: =AK91*0.000000000027 -> 0.0015560621 | AM91: =B91 -> Eu-154 | AO91: =$S91 -> 6.9158318e+16 | AP91: =$S91*(1/X91) -> 6.9158318e+16 | AQ91: =$S91*(1/X91)*(1/Z91) -> 6.9158318e+16 | AR91: =$S91*(1/X91)*(1/Z91)*(1/AB91) -> 6.9158318e+10 | AS91: =$S91*(1/X91)*(1/Z91)*(1/AB91)*(1/AD91) -> 6.9158318e+08 | AT91: =$S91*(1/X91)*(1/Z91)*(1/AB91)*(1/AD91)*(1/AF91) -> 6915831.8 | AU91: =$S91*(1/X91)*(1/Z91)*(1/AB91)*(1/AD91)*(1/AF91)*(1/AH91) -> 691583.18 | AX91: =AO91 -> 6.9158318e+16 | AY91: =AX91*(1/Y91) -> 6.9158318e+16 | AZ91: =AY91*(1/AA91) -> 6.9158318e+16 | BA91: =AZ91*(1/AC91) -> 3.4579159e+11 | BB91: =BA91*(1/AE91) -> 1.1526386e+10 | BC91: =BB91*(1/AG91) -> 1.1526386e+08 | BD91: =BC91*(1/AI91) -> 57631931 | BF91: 8.592 y | BG91: 2.7113711e+08 | BH91: Dy-154 | BI91: grupo «Isot tierras raras» → «Sr, Ba, Eu» (factores copiados de Sr-89)
B92: Eu-155 | C92: 63155 | D92: Sr, Ba, Eu | E92: 5.7612e-07 | G92: 9.9 horas | H92: 2.3 (minutos) | L92: 2.3 | M92: =IF(ISNUMBER(BG92),BG92,"") -> 1.4964294e+08 | N92: =IF(ISNUMBER(M92),LN(2)/M92,0) -> 4.6320071e-09 | O92: =10^-24 -> 1e-24 | P92: =PI()*$K$97^2*$K$98 -> 13978831 | Q92: =E92/O92 -> 5.7612e+17 | R92: =Q92*P92 -> 8.0534839e+24 | S92: =R92*N92 -> 3.7303795e+16 | T92: =S92*0.000000000027 -> 1007202.5 | U92: =D92 -> Sr, Ba, Eu | V92: 3e-05 | W92: 8e-05 | X92: 1 | Y92: 1 | Z92: 1 | AA92: 1 | AB92: =10^6 -> 1000000 | AC92: =200000 -> 200000 | AD92: 100 | AE92: 30 | AF92: 100 | AG92: 100 | AH92: 10 | AI92: 2 | AJ92: =$S92*(1/X92)*(1/Z92)*(1/AB92)*(1/AD92)*(1/AF92)*(1/AH92) -> 373037.95 | AK92: =$S92*(1/Y92)*(1/AA92)*(1/AC92)*(1/AE92)*(1/AG92)*(1/AI92) -> 31086496 | AL92: =AK92*0.000000000027 -> 0.00083933539 | AM92: =B92 -> Eu-155 | AO92: =$S92 -> 3.7303795e+16 | AP92: =$S92*(1/X92) -> 3.7303795e+16 | AQ92: =$S92*(1/X92)*(1/Z92) -> 3.7303795e+16 | AR92: =$S92*(1/X92)*(1/Z92)*(1/AB92) -> 3.7303795e+10 | AS92: =$S92*(1/X92)*(1/Z92)*(1/AB92)*(1/AD92) -> 3.7303795e+08 | AT92: =$S92*(1/X92)*(1/Z92)*(1/AB92)*(1/AD92)*(1/AF92) -> 3730379.5 | AU92: =$S92*(1/X92)*(1/Z92)*(1/AB92)*(1/AD92)*(1/AF92)*(1/AH92) -> 373037.95 | AX92: =AO92 -> 3.7303795e+16 | AY92: =AX92*(1/Y92) -> 3.7303795e+16 | AZ92: =AY92*(1/AA92) -> 3.7303795e+16 | BA92: =AZ92*(1/AC92) -> 1.8651897e+11 | BB92: =BA92*(1/AE92) -> 6.2172992e+09 | BC92: =BB92*(1/AG92) -> 62172992 | BD92: =BC92*(1/AI92) -> 31086496 | BF92: 4.742 y | BG92: 1.4964294e+08 | BH92: Dy-155 | BI92: grupo «Isot tierras raras» → «Sr, Ba, Eu» (factores copiados de Sr-89)
G96: Tipos de productos de fision | J96: Nucleo
G97: Gases nobles | J97: Radio (cm) | K97: 120
G98: I, Br, Se, Te | J98: Altura (cm) | K98: 309
G99: Cs, Rb
G100: Sr, Ba, Eu
G101: Ag, Pd
G102: Sb
G103: Mo, Ru, Rh, Tc
G104: Pu, Actinidos
...

Sheet Hoja1
D5: Isotopo | E5: AF 95%
E6: Core Activity | F6: HMC | G6: Kernel | H6: Diff | I6: Graphite | J6: FLIBE | K6: Reactor Building
D7: Np-239 | E7: ='AZ6 RZ1 (ACCIDENT)'!AX51 -> 8.1822081e+20 | F7: ='AZ6 RZ1 (ACCIDENT)'!AY51 -> 8.1822081e+20 | G7: ='AZ6 RZ1 (ACCIDENT)'!AZ51 -> 8.1822081e+18 | H7: ='AZ6 RZ1 (ACCIDENT)'!BA51 -> 4.0911041e+12 | I7: ='AZ6 RZ1 (ACCIDENT)'!BB51 -> 1.3637014e+11 | J7: ='AZ6 RZ1 (ACCIDENT)'!BC51 -> 1.3637014e+09 | K7: ='AZ6 RZ1 (ACCIDENT)'!BD51 -> 6.8185068e+08
D8: Xe-133 | E8: ='AZ6 RZ1 (ACCIDENT)'!AX18 -> 1.1113138e+20 | F8: ='AZ6 RZ1 (ACCIDENT)'!AY18 -> 1.1113138e+20 | G8: ='AZ6 RZ1 (ACCIDENT)'!AZ18 -> 2.2226277e+19 | H8: ='AZ6 RZ1 (ACCIDENT)'!BA18 -> 1.1113138e+13 | I8: ='AZ6 RZ1 (ACCIDENT)'!BB18 -> 1.1113138e+13 | J8: ='AZ6 RZ1 (ACCIDENT)'!BC18 -> 1.1113138e+11 | K8: ='AZ6 RZ1 (ACCIDENT)'!BD18 -> 1.1113138e+11
D9: Ba-140 | E9: ='AZ6 RZ1 (ACCIDENT)'!AX63 -> 9.6890023e+19 | F9: ='AZ6 RZ1 (ACCIDENT)'!AY63 -> 9.6890023e+19 | G9: ='AZ6 RZ1 (ACCIDENT)'!AZ63 -> 9.6890023e+19 | H9: ='AZ6 RZ1 (ACCIDENT)'!BA63 -> 484450113422510 | I9: ='AZ6 RZ1 (ACCIDENT)'!BB63 -> 1.6148337e+13 | J9: ='AZ6 RZ1 (ACCIDENT)'!BC63 -> 1.6148337e+11 | K9: ='AZ6 RZ1 (ACCIDENT)'!BD63 -> 8.0741686e+10
D10: Pr-143 | E10: ='AZ6 RZ1 (ACCIDENT)'!AX76 -> 8.8154606e+19 | F10: ='AZ6 RZ1 (ACCIDENT)'!AY76 -> 8.8154606e+19 | G10: ='AZ6 RZ1 (ACCIDENT)'!AZ76 -> 1.7630921e+18 | H10: ='AZ6 RZ1 (ACCIDENT)'!BA76 -> 8.8154606e+11 | I10: ='AZ6 RZ1 (ACCIDENT)'!BB76 -> 2.9384869e+10 | J10: ='AZ6 RZ1 (ACCIDENT)'!BC76 -> 2.9384869e+08 | K10: ='AZ6 RZ1 (ACCIDENT)'!BD76 -> 1.4692434e+08
D11: Ce-141 | E11: ='AZ6 RZ1 (ACCIDENT)'!AX72 -> 8.0593088e+19 | F11: ='AZ6 RZ1 (ACCIDENT)'!AY72 -> 8.0593088e+19 | G11: ='AZ6 RZ1 (ACCIDENT)'!AZ72 -> 1.6118618e+18 | H11: ='AZ6 RZ1 (ACCIDENT)'!BA72 -> 8.0593088e+11 | I11: ='AZ6 RZ1 (ACCIDENT)'!BB72 -> 2.6864363e+10 | J11: ='AZ6 RZ1 (ACCIDENT)'!BC72 -> 2.6864363e+08 | K11: ='AZ6 RZ1 (ACCIDENT)'!BD72 -> 1.3432181e+08
D12: Zr-95 | E12: ='AZ6 RZ1 (ACCIDENT)'!AX69 -> 7.6195384e+19 | F12: ='AZ6 RZ1 (ACCIDENT)'!AY69 -> 7.6195384e+19 | G12: ='AZ6 RZ1 (ACCIDENT)'!AZ69 -> 1.5239077e+18 | H12: ='AZ6 RZ1 (ACCIDENT)'!BA69 -> 7.6195384e+11 | I12: ='AZ6 RZ1 (ACCIDENT)'!BB69 -> 2.5398461e+11 | J12: ='AZ6 RZ1 (ACCIDENT)'!BC69 -> 2.5398461e+09 | K12: ='AZ6 RZ1 (ACCIDENT)'!BD69 -> 1.2699231e+09
D13: Nb-95 | E13: ='AZ6 RZ1 (ACCIDENT)'!AX70 -> 6.4794892e+19 | F13: ='AZ6 RZ1 (ACCIDENT)'!AY70 -> 6.4794892e+19 | G13: ='AZ6 RZ1 (ACCIDENT)'!AZ70 -> 1.2958978e+18 | H13: ='AZ6 RZ1 (ACCIDENT)'!BA70 -> 6.4794892e+11 | I13: ='AZ6 RZ1 (ACCIDENT)'!BB70 -> 2.1598297e+11 | J13: ='AZ6 RZ1 (ACCIDENT)'!BC70 -> 2.1598297e+09 | K13: ='AZ6 RZ1 (ACCIDENT)'!BD70 -> 1.0799149e+09
D14: Y-91 | E14: ='AZ6 RZ1 (ACCIDENT)'!AX66 -> 6.3124929e+19 | F14: ='AZ6 RZ1 (ACCIDENT)'!AY66 -> 6.3124929e+19 | G14: ='AZ6 RZ1 (ACCIDENT)'!AZ66 -> 1.2624986e+18 | H14: ='AZ6 RZ1 (ACCIDENT)'!BA66 -> 6.3124929e+11 | I14: ='AZ6 RZ1 (ACCIDENT)'!BB66 -> 2.1041643e+11 | J14: ='AZ6 RZ1 (ACCIDENT)'!BC66 -> 2.1041643e+09 | K14: ='AZ6 RZ1 (ACCIDENT)'!BD66 -> 1.0520821e+09
D15: Ru-103 | E15: ='AZ6 RZ1 (ACCIDENT)'!AX31 -> 5.8524359e+19 | F15: ='AZ6 RZ1 (ACCIDENT)'!AY31 -> 5.8524359e+19 | G15: ='AZ6 RZ1 (ACCIDENT)'!AZ31 -> 1.1704872e+18 | H15: ='AZ6 RZ1 (ACCIDENT)'!BA31 -> 5.8524359e+11 | I15: ='AZ6 RZ1 (ACCIDENT)'!BB31 -> 1.950812e+11 | J15: ='AZ6 RZ1 (ACCIDENT)'!BC31 -> 1.950812e+09 | K15: ='AZ6 RZ1 (ACCIDENT)'!BD31 -> 9.7540598e+08
D16: Sr-89 | E16: ='AZ6 RZ1 (ACCIDENT)'!AX60 -> 5.1756066e+19 | F16: ='AZ6 RZ1 (ACCIDENT)'!AY60 -> 5.1756066e+19 | G16: ='AZ6 RZ1 (ACCIDENT)'!AZ60 -> 5.1756066e+19 | H16: ='AZ6 RZ1 (ACCIDENT)'!BA60 -> 258780329205576 | I16: ='AZ6 RZ1 (ACCIDENT)'!BB60 -> 8.626011e+12 | J16: ='AZ6 RZ1 (ACCIDENT)'!BC60 -> 8.626011e+10 | K16: ='AZ6 RZ1 (ACCIDENT)'!BD60 -> 4.3130055e+10
D17: U-237 | E17: ='AZ6 RZ1 (ACCIDENT)'!AX42 -> 4.7277744e+19 | F17: ='AZ6 RZ1 (ACCIDENT)'!AY42 -> 4.7277744e+19 | G17: ='AZ6 RZ1 (ACCIDENT)'!AZ42 -> 4.7277744e+17 | H17: ='AZ6 RZ1 (ACCIDENT)'!BA42 -> 2.3638872e+11 | I17: ='AZ6 RZ1 (ACCIDENT)'!BB42 -> 7.8796239e+09 | J17: ='AZ6 RZ1 (ACCIDENT)'!BC42 -> 78796239 | K17: ='AZ6 RZ1 (ACCIDENT)'!BD42 -> 39398120
D18: Nd-147 | E18: ='AZ6 RZ1 (ACCIDENT)'!AX83 -> 3.4376125e+19 | F18: ='AZ6 RZ1 (ACCIDENT)'!AY83 -> 3.4376125e+19 | G18: ='AZ6 RZ1 (ACCIDENT)'!AZ83 -> 6.8752249e+17 | H18: ='AZ6 RZ1 (ACCIDENT)'!BA83 -> 3.4376125e+11 | I18: ='AZ6 RZ1 (ACCIDENT)'!BB83 -> 1.1458708e+10 | J18: ='AZ6 RZ1 (ACCIDENT)'!BC83 -> 1.1458708e+08 | K18: ='AZ6 RZ1 (ACCIDENT)'!BD83 -> 57293541
D19: Ce-144 | E19: ='AZ6 RZ1 (ACCIDENT)'!AX74 -> 3.4101167e+19 | F19: ='AZ6 RZ1 (ACCIDENT)'!AY74 -> 3.4101167e+19 | G19: ='AZ6 RZ1 (ACCIDENT)'!AZ74 -> 6.8202334e+17 | H19: ='AZ6 RZ1 (ACCIDENT)'!BA74 -> 3.4101167e+11 | I19: ='AZ6 RZ1 (ACCIDENT)'!BB74 -> 1.1367056e+10 | J19: ='AZ6 RZ1 (ACCIDENT)'!BC74 -> 1.1367056e+08 | K19: ='AZ6 RZ1 (ACCIDENT)'!BD74 -> 56835278
D20: Rh-105 | E20: ='AZ6 RZ1 (ACCIDENT)'!AX35 -> 3.2821619e+19 | F20: ='AZ6 RZ1 (ACCIDENT)'!AY35 -> 3.2821619e+19 | G20: ='AZ6 RZ1 (ACCIDENT)'!AZ35 -> 6.5643237e+17 | H20: ='AZ6 RZ1 (ACCIDENT)'!BA35 -> 3.2821619e+11 | I20: ='AZ6 RZ1 (ACCIDENT)'!BB35 -> 1.094054e+11 | J20: ='AZ6 RZ1 (ACCIDENT)'!BC35 -> 1.094054e+09 | K20: ='AZ6 RZ1 (ACCIDENT)'!BD35 -> 5.4702698e+08
D21: Pm-149 | E21: ='AZ6 RZ1 (ACCIDENT)'!AX65 -> 1.7762862e+19 | F21: ='AZ6 RZ1 (ACCIDENT)'!AY65 -> 1.7762862e+19 | G21: ='AZ6 RZ1 (ACCIDENT)'!AZ65 -> 3.5525724e+17 | H21: ='AZ6 RZ1 (ACCIDENT)'!BA65 -> 1.7762862e+11 | I21: ='AZ6 RZ1 (ACCIDENT)'!BB65 -> 5.9209541e+09 | J21: ='AZ6 RZ1 (ACCIDENT)'!BC65 -> 59209541 | K21: ='AZ6 RZ1 (ACCIDENT)'!BD65 -> 29604770
D22: Xe-135 | E22: ='AZ6 RZ1 (ACCIDENT)'!AX20 -> 1.5585413e+19 | F22: ='AZ6 RZ1 (ACCIDENT)'!AY20 -> 1.5585413e+19 | G22: ='AZ6 RZ1 (ACCIDENT)'!AZ20 -> 3.1170827e+18 | H22: ='AZ6 RZ1 (ACCIDENT)'!BA20 -> 1.5585413e+12 | I22: ='AZ6 RZ1 (ACCIDENT)'!BB20 -> 1.5585413e+12 | J22: ='AZ6 RZ1 (ACCIDENT)'!BC20 -> 1.5585413e+10 | K22: ='AZ6 RZ1 (ACCIDENT)'!BD20 -> 1.5585413e+10
D23: Ru-106 | E23: ='AZ6 RZ1 (ACCIDENT)'!AX33 -> 7.9247002e+18 | F23: ='AZ6 RZ1 (ACCIDENT)'!AY33 -> 7.9247002e+18 | G23: ='AZ6 RZ1 (ACCIDENT)'!AZ33 -> 1.58494e+17 | H23: ='AZ6 RZ1 (ACCIDENT)'!BA33 -> 7.9247002e+10 | I23: ='AZ6 RZ1 (ACCIDENT)'!BB33 -> 2.6415667e+10 | J23: ='AZ6 RZ1 (ACCIDENT)'!BC33 -> 2.6415667e+08 | K23: ='AZ6 RZ1 (ACCIDENT)'!BD33 -> 1.3207834e+08
D24: Pm-147 | E24: ='AZ6 RZ1 (ACCIDENT)'!AX64 -> 2.9669245e+18 | F24: ='AZ6 RZ1 (ACCIDENT)'!AY64 -> 2.9669245e+18 | G24: ='AZ6 RZ1 (ACCIDENT)'!AZ64 -> 5.933849e+16 | H24: ='AZ6 RZ1 (ACCIDENT)'!BA64 -> 2.9669245e+10 | I24: ='AZ6 RZ1 (ACCIDENT)'!BB64 -> 9.8897484e+08 | J24: ='AZ6 RZ1 (ACCIDENT)'!BC64 -> 9889748.4 | K24: ='AZ6 RZ1 (ACCIDENT)'!BD64 -> 4944874.2
D25: Cs-134 | E25: ='AZ6 RZ1 (ACCIDENT)'!AX50 -> 2.5676669e+18 | F25: ='AZ6 RZ1 (ACCIDENT)'!AY50 -> 2.5676669e+18 | G25: ='AZ6 RZ1 (ACCIDENT)'!AZ50 -> 2.5676669e+18 | H25: ='AZ6 RZ1 (ACCIDENT)'!BA50 -> 1.2838335e+12 | I25: ='AZ6 RZ1 (ACCIDENT)'!BB50 -> 4.2794449e+11 | J25: ='AZ6 RZ1 (ACCIDENT)'!BC50 -> 4.2794449e+09 | K25: ='AZ6 RZ1 (ACCIDENT)'!BD50 -> 2.1397224e+09
D26: Pu-241 | E26: ='AZ6 RZ1 (ACCIDENT)'!AX56 -> 1.6726319e+18 | F26: ='AZ6 RZ1 (ACCIDENT)'!AY56 -> 1.6726319e+18 | G26: ='AZ6 RZ1 (ACCIDENT)'!AZ56 -> 1.6726319e+16 | H26: ='AZ6 RZ1 (ACCIDENT)'!BA56 -> 8.3631594e+09 | I26: ='AZ6 RZ1 (ACCIDENT)'!BB56 -> 2.7877198e+08 | J26: ='AZ6 RZ1 (ACCIDENT)'!BC56 -> 2787719.8 | K26: ='AZ6 RZ1 (ACCIDENT)'!BD56 -> 1393859.9
D27: Cs-137 | E27: ='AZ6 RZ1 (ACCIDENT)'!AX15 -> 1.6033478e+18 | F27: ='AZ6 RZ1 (ACCIDENT)'!AY15 -> 1.6033478e+18 | G27: ='AZ6 RZ1 (ACCIDENT)'!AZ15 -> 1.6033478e+18 | H27: ='AZ6 RZ1 (ACCIDENT)'!BA15 -> 8.016739e+11 | I27: ='AZ6 RZ1 (ACCIDENT)'!BB15 -> 2.6722463e+11 | J27: ='AZ6 RZ1 (ACCIDENT)'!BC15 -> 2.6722463e+09 | K27: ='AZ6 RZ1 (ACCIDENT)'!BD15 -> 1.3361232e+09
D28: Sr-90 | E28: ='AZ6 RZ1 (ACCIDENT)'!AX61 -> 1.3069632e+18 | F28: ='AZ6 RZ1 (ACCIDENT)'!AY61 -> 1.3069632e+18 | G28: ='AZ6 RZ1 (ACCIDENT)'!AZ61 -> 1.3069632e+18 | H28: ='AZ6 RZ1 (ACCIDENT)'!BA61 -> 6.5348162e+12 | I28: ='AZ6 RZ1 (ACCIDENT)'!BB61 -> 2.1782721e+11 | J28: ='AZ6 RZ1 (ACCIDENT)'!BC61 -> 2.1782721e+09 | K28: ='AZ6 RZ1 (ACCIDENT)'!BD61 -> 1.089136e+09
D29: Eu-154 | E29: ='AZ6 RZ1 (ACCIDENT)'!AX91 -> 6.9158318e+16 | F29: ='AZ6 RZ1 (ACCIDENT)'!AY91 -> 6.9158318e+16 | G29: ='AZ6 RZ1 (ACCIDENT)'!AZ91 -> 6.9158318e+16 | H29: ='AZ6 RZ1 (ACCIDENT)'!BA91 -> 3.4579159e+11 | I29: ='AZ6 RZ1 (ACCIDENT)'!BB91 -> 1.1526386e+10 | J29: ='AZ6 RZ1 (ACCIDENT)'!BC91 -> 1.1526386e+08 | K29: ='AZ6 RZ1 (ACCIDENT)'!BD91 -> 57631931
D30: Eu-155 | E30: ='AZ6 RZ1 (ACCIDENT)'!AX92 -> 3.7303795e+16 | F30: ='AZ6 RZ1 (ACCIDENT)'!AY92 -> 3.7303795e+16 | G30: ='AZ6 RZ1 (ACCIDENT)'!AZ92 -> 3.7303795e+16 | H30: ='AZ6 RZ1 (ACCIDENT)'!BA92 -> 1.8651897e+11 | I30: ='AZ6 RZ1 (ACCIDENT)'!BB92 -> 6.2172992e+09 | J30: ='AZ6 RZ1 (ACCIDENT)'!BC92 -> 62172992 | K30: ='AZ6 RZ1 (ACCIDENT)'!BD92 -> 31086496
D31: Pu-238 | E31: ='AZ6 RZ1 (ACCIDENT)'!AX52 -> 2.9058508e+16 | F31: ='AZ6 RZ1 (ACCIDENT)'!AY52 -> 2.9058508e+16 | G31: ='AZ6 RZ1 (ACCIDENT)'!AZ52 -> 290585078439823 | H31: ='AZ6 RZ1 (ACCIDENT)'!BA52 -> 1.4529254e+08 | I31: ='AZ6 RZ1 (ACCIDENT)'!BB52 -> 4843084.6 | J31: ='AZ6 RZ1 (ACCIDENT)'!BC52 -> 48430.846 | K31: ='AZ6 RZ1 (ACCIDENT)'!BD52 -> 24215.423
D32: Sm-151 | E32: ='AZ6 RZ1 (ACCIDENT)'!AX88 -> 6.0573818e+15 | F32: ='AZ6 RZ1 (ACCIDENT)'!AY88 -> 6.0573818e+15 | G32: ='AZ6 RZ1 (ACCIDENT)'!AZ88 -> 121147636807935 | H32: ='AZ6 RZ1 (ACCIDENT)'!BA88 -> 60573818 | I32: ='AZ6 RZ1 (ACCIDENT)'!BB88 -> 2019127.3 | J32: ='AZ6 RZ1 (ACCIDENT)'!BC88 -> 20191.273 | K32: ='AZ6 RZ1 (ACCIDENT)'!BD88 -> 10095.636
D33: Pu-240 | E33: ='AZ6 RZ1 (ACCIDENT)'!AX54 -> 3.6760191e+15 | F33: ='AZ6 RZ1 (ACCIDENT)'!AY54 -> 3.6760191e+15 | G33: ='AZ6 RZ1 (ACCIDENT)'!AZ54 -> 3.6760191e+13 | H33: ='AZ6 RZ1 (ACCIDENT)'!BA54 -> 18380096 | I33: ='AZ6 RZ1 (ACCIDENT)'!BB54 -> 612669.86 | J33: ='AZ6 RZ1 (ACCIDENT)'!BC54 -> 6126.6986 | K33: ='AZ6 RZ1 (ACCIDENT)'!BD54 -> 3063.3493
D34: Pu-239 | E34: ='AZ6 RZ1 (ACCIDENT)'!AX53 -> 3.2926374e+15 | F34: ='AZ6 RZ1 (ACCIDENT)'!AY53 -> 3.2926374e+15 | G34: ='AZ6 RZ1 (ACCIDENT)'!AZ53 -> 3.2926374e+13 | H34: ='AZ6 RZ1 (ACCIDENT)'!BA53 -> 16463187 | I34: ='AZ6 RZ1 (ACCIDENT)'!BB53 -> 548772.9 | J34: ='AZ6 RZ1 (ACCIDENT)'!BC53 -> 5487.729 | K34: ='AZ6 RZ1 (ACCIDENT)'!BD53 -> 2743.8645
D35: Am-241 | E35: ='AZ6 RZ1 (ACCIDENT)'!AX58 -> 495255444127021 | F35: ='AZ6 RZ1 (ACCIDENT)'!AY58 -> 495255444127021 | G35: ='AZ6 RZ1 (ACCIDENT)'!AZ58 -> 4.9525544e+12 | H35: ='AZ6 RZ1 (ACCIDENT)'!BA58 -> 2476277.2 | I35: ='AZ6 RZ1 (ACCIDENT)'!BB58 -> 82542.574 | J35: ='AZ6 RZ1 (ACCIDENT)'!BC58 -> 825.42574 | K35: ='AZ6 RZ1 (ACCIDENT)'!BD58 -> 412.71287
D36: Am-243 | E36: ='AZ6 RZ1 (ACCIDENT)'!AX59 -> 231416878999564 | F36: ='AZ6 RZ1 (ACCIDENT)'!AY59 -> 231416878999564 | G36: ='AZ6 RZ1 (ACCIDENT)'!AZ59 -> 2.3141688e+12 | H36: ='AZ6 RZ1 (ACCIDENT)'!BA59 -> 1157084.4 | I36: ='AZ6 RZ1 (ACCIDENT)'!BB59 -> 38569.48 | J36: ='AZ6 RZ1 (ACCIDENT)'!BC59 -> 385.6948 | K36: ='AZ6 RZ1 (ACCIDENT)'!BD59 -> 192.8474
D37: Tc-99 | E37: ='AZ6 RZ1 (ACCIDENT)'!AX27 -> 197430763636864 | F37: ='AZ6 RZ1 (ACCIDENT)'!AY27 -> 197430763636864 | G37: ='AZ6 RZ1 (ACCIDENT)'!AZ27 -> 3.9486153e+12 | H37: ='AZ6 RZ1 (ACCIDENT)'!BA27 -> 1974307.6 | I37: ='AZ6 RZ1 (ACCIDENT)'!BB27 -> 658102.55 | J37: ='AZ6 RZ1 (ACCIDENT)'!BC27 -> 6581.0255 | K37: ='AZ6 RZ1 (ACCIDENT)'!BD27 -> 3290.5127
D38: Zr-93 | E38: ='AZ6 RZ1 (ACCIDENT)'!AX68 -> 2.7371987e+13 | F38: ='AZ6 RZ1 (ACCIDENT)'!AY68 -> 2.7371987e+13 | G38: ='AZ6 RZ1 (ACCIDENT)'!AZ68 -> 5.4743973e+11 | H38: ='AZ6 RZ1 (ACCIDENT)'!BA68 -> 273719.87 | I38: ='AZ6 RZ1 (ACCIDENT)'!BB68 -> 91239.955 | J38: ='AZ6 RZ1 (ACCIDENT)'!BC68 -> 912.39955 | K38: ='AZ6 RZ1 (ACCIDENT)'!BD68 -> 456.19978
D39: Pu-242 | E39: ='AZ6 RZ1 (ACCIDENT)'!AX57 -> 2.343488e+13 | F39: ='AZ6 RZ1 (ACCIDENT)'!AY57 -> 2.343488e+13 | G39: ='AZ6 RZ1 (ACCIDENT)'!AZ57 -> 2.343488e+11 | H39: ='AZ6 RZ1 (ACCIDENT)'!BA57 -> 117174.4 | I39: ='AZ6 RZ1 (ACCIDENT)'!BB57 -> 3905.8133 | J39: ='AZ6 RZ1 (ACCIDENT)'!BC57 -> 39.058133 | K39: ='AZ6 RZ1 (ACCIDENT)'!BD57 -> 19.529067
D40: Cs-135 | E40: ='AZ6 RZ1 (ACCIDENT)'!AX13 -> 6.3414659e+12 | F40: ='AZ6 RZ1 (ACCIDENT)'!AY13 -> 6.3414659e+12 | G40: ='AZ6 RZ1 (ACCIDENT)'!AZ13 -> 6.3414659e+12 | H40: ='AZ6 RZ1 (ACCIDENT)'!BA13 -> 3170732.9 | I40: ='AZ6 RZ1 (ACCIDENT)'!BB13 -> 1056911 | J40: ='AZ6 RZ1 (ACCIDENT)'!BC13 -> 10569.11 | K40: ='AZ6 RZ1 (ACCIDENT)'!BD13 -> 5284.5549
D41: U-236 | E41: ='AZ6 RZ1 (ACCIDENT)'!AX81 -> 5.6844437e+12 | F41: ='AZ6 RZ1 (ACCIDENT)'!AY81 -> 5.6844437e+12 | G41: ='AZ6 RZ1 (ACCIDENT)'!AZ81 -> 5.6844437e+10 | H41: ='AZ6 RZ1 (ACCIDENT)'!BA81 -> 28422.219 | I41: ='AZ6 RZ1 (ACCIDENT)'!BB81 -> 947.40728 | J41: ='AZ6 RZ1 (ACCIDENT)'!BC81 -> 9.4740728 | K41: ='AZ6 RZ1 (ACCIDENT)'!BD81 -> 4.7370364
D42: Np-237 | E42: ='AZ6 RZ1 (ACCIDENT)'!AX47 -> 4.4098293e+12 | F42: ='AZ6 RZ1 (ACCIDENT)'!AY47 -> 4.4098293e+12 | G42: ='AZ6 RZ1 (ACCIDENT)'!AZ47 -> 4.4098293e+10 | H42: ='AZ6 RZ1 (ACCIDENT)'!BA47 -> 22049.147 | I42: ='AZ6 RZ1 (ACCIDENT)'!BB47 -> 734.97156 | J42: ='AZ6 RZ1 (ACCIDENT)'!BC47 -> 7.3497156 | K42: ='AZ6 RZ1 (ACCIDENT)'!BD47 -> 3.6748578
D43: U-238 | E43: ='AZ6 RZ1 (ACCIDENT)'!AX45 -> 1.2339234e+12 | F43: ='AZ6 RZ1 (ACCIDENT)'!AY45 -> 1.2339234e+12 | G43: ='AZ6 RZ1 (ACCIDENT)'!AZ45 -> 1.2339234e+10 | H43: ='AZ6 RZ1 (ACCIDENT)'!BA45 -> 6169.6172 | I43: ='AZ6 RZ1 (ACCIDENT)'!BB45 -> 205.65391 | J43: ='AZ6 RZ1 (ACCIDENT)'!BC45 -> 2.0565391 | K43: ='AZ6 RZ1 (ACCIDENT)'!BD45 -> 1.0282695
D44: Pd-107 | E44: ='AZ6 RZ1 (ACCIDENT)'!AX10 -> 1.0578351e+12 | F44: ='AZ6 RZ1 (ACCIDENT)'!AY10 -> 1.0578351e+12 | G44: ='AZ6 RZ1 (ACCIDENT)'!AZ10 -> 1.0578351e+12 | H44: ='AZ6 RZ1 (ACCIDENT)'!BA10 -> 1.0578351e+10 | I44: ='AZ6 RZ1 (ACCIDENT)'!BB10 -> 1.0578351e+10 | J44: ='AZ6 RZ1 (ACCIDENT)'!BC10 -> 1.0578351e+08 | K44: ='AZ6 RZ1 (ACCIDENT)'!BD10 -> 52891757
D45: U-235 | E45: ='AZ6 RZ1 (ACCIDENT)'!AX38 -> 9.7500214e+11 | F45: ='AZ6 RZ1 (ACCIDENT)'!AY38 -> 9.7500214e+11 | G45: ='AZ6 RZ1 (ACCIDENT)'!AZ38 -> 9.7500214e+09 | H45: ='AZ6 RZ1 (ACCIDENT)'!BA38 -> 4875.0107 | I45: ='AZ6 RZ1 (ACCIDENT)'!BB38 -> 162.50036 | J45: ='AZ6 RZ1 (ACCIDENT)'!BC38 -> 1.6250036 | K45: ='AZ6 RZ1 (ACCIDENT)'!BD38 -> 0.81250179
D46: I-129 | E46: ='AZ6 RZ1 (ACCIDENT)'!AX22 -> 3.3138761e+11 | F46: ='AZ6 RZ1 (ACCIDENT)'!AY22 -> 3.3138761e+11 | G46: ='AZ6 RZ1 (ACCIDENT)'!AZ22 -> 6.6277521e+10 | H46: ='AZ6 RZ1 (ACCIDENT)'!BA22 -> 33138.761 | I46: ='AZ6 RZ1 (ACCIDENT)'!BB22 -> 33138.761 | J46: ='AZ6 RZ1 (ACCIDENT)'!BC22 -> 331.38761 | K46: ='AZ6 RZ1 (ACCIDENT)'!BD22 -> 165.6938
D47: Rb-87 | E47: ='AZ6 RZ1 (ACCIDENT)'!AX12 -> 3.4781184e+08 | F47: ='AZ6 RZ1 (ACCIDENT)'!AY12 -> 3.4781184e+08 | G47: ='AZ6 RZ1 (ACCIDENT)'!AZ12 -> 3.4781184e+08 | H47: ='AZ6 RZ1 (ACCIDENT)'!BA12 -> 173.90592 | I47: ='AZ6 RZ1 (ACCIDENT)'!BB12 -> 57.96864 | J47: ='AZ6 RZ1 (ACCIDENT)'!BC12 -> 0.5796864 | K47: ='AZ6 RZ1 (ACCIDENT)'!BD12 -> 0.2898432
D48: Sm-147 | E48: ='AZ6 RZ1 (ACCIDENT)'!AX85 -> 9045087.7 | F48: ='AZ6 RZ1 (ACCIDENT)'!AY85 -> 9045087.7 | G48: ='AZ6 RZ1 (ACCIDENT)'!AZ85 -> 180901.75 | H48: ='AZ6 RZ1 (ACCIDENT)'!BA85 -> 0.090450877 | I48: ='AZ6 RZ1 (ACCIDENT)'!BB85 -> 0.0030150292 | J48: ='AZ6 RZ1 (ACCIDENT)'!BC85 -> 3.0150292e-05 | K48: ='AZ6 RZ1 (ACCIDENT)'!BD85 -> 1.5075146e-05
D50: Semividas: NUBASE2020 (Kondev et al., Chin. Phys. C 45, 030001, 2021). Solo nucleidos radiactivos, ordenados por actividad en el núcleo.
