Workbook

Sheet AZ6 RZ1
B3: Isotope [ZZAAA] | C3: Number Density [atom/b/cm] | G3: Volumen (cm2)
A4: C-12 | B4: 6012 | C4: 0.0118211 | G4: =PI()*120^2*309 -> 13978831
B5: 8016 | C5: 0.0354634 | G5: =PI()*120^2*309 -> 13978831
B6: 36083 | C6: 1.00841e-05 | G6: =PI()*120^2*309 -> 13978831
B7: 36084 | C7: 2.38999e-05 | G7: =PI()*120^2*309 -> 13978831
B8: 36086 | C8: 4.04672e-05 | G8: =PI()*120^2*309 -> 13978831
B9: 37085 | C9: 2.31987e-05 | G9: =PI()*120^2*309 -> 13978831
B10: 37087 | C10: 5.62988e-05 | G10: =PI()*120^2*309 -> 13978831
B11: 38088 | C11: 7.66113e-05 | G11: =PI()*120^2*309 -> 13978831
B12: 38089 | C12: 2.33352e-05 | G12: =PI()*120^2*309 -> 13978831
B13: 38090 | C13: 0.000123058 | G13: =PI()*120^2*309 -> 13978831
B14: 39089 | C14: 7.85848e-05 | G14: =PI()*120^2*309 -> 13978831
B15: 39091 | C15: 3.29343e-05 | G15: =PI()*120^2*309 -> 13978831
B16: 40091 | C16: 9.39238e-05 | G16: =PI()*120^2*309 -> 13978831
... B78: 63155 | C78: 5.7612e-07 | G78: =PI()*120^2*309 -> 13978831
A79: Gd-157 | B79: 64157 | C79: 1.76087e-08 | G79: =PI()*120^2*309 -> 13978831
B80: 92235 | C80: 0.00223551 | G80: =PI()*120^2*309 -> 13978831
B81: 92236 | C81: 0.000433584 | G81: =PI()*120^2*309 -> 13978831
B82: 92237 | C82: 2.84647e-06 | G82: =PI()*120^2*309 -> 13978831
A83: U-238 | B83: 92238 | C83: 0.0179355 | G83: =PI()*120^2*309 -> 13978831
B84: 93237 | C84: 3.07925e-05 | G84: =PI()*120^2*309 -> 13978831
B85: 93239 | C85: 1.71895e-05 | G85: =PI()*120^2*309 -> 13978831
B86: 94238 | C86: 8.29987e-06 | G86: =PI()*120^2*309 -> 13978831
B87: 94239 | C87: 0.000258547 | G87: =PI()*120^2*309 -> 13978831
B88: 94240 | C88: 7.855e-05 | G88: =PI()*120^2*309 -> 13978831
B89: 94241 | C89: 7.80575e-05 | G89: =PI()*120^2*309 -> 13978831
B90: 94242 | C90: 2.86215e-05 | G90: =PI()*120^2*309 -> 13978831
B91: 95241 | C91: 6.97773e-07 | G91: =PI()*120^2*309 -> 13978831
B92: 95243 | C92: 5.53963e-06 | G92: =PI()*120^2*309 -> 13978831

Sheet AZ5 RZ1
B3: Isotope [ZZAAA] | C3: Number Density [atom/b/cm] | D3: Dif | E3: Error
B4: 6012 | C4: 0.0118211 | D4: ='AZ6 RZ1'!C4-'AZ5 RZ1'!C4 -> 0 | E4: =D4/C4 -> 0
B5: 8016 | C5: 0.0354634 | D5: ='AZ6 RZ1'!C5-'AZ5 RZ1'!C5 -> 0 | E5: =D5/C5 -> 0
B6: 36083 | C6: 9.88277e-06 | D6: ='AZ6 RZ1'!C6-'AZ5 RZ1'!C6 -> 2.0133e-07 | E6: =D6/C6 -> 0.020371819
B7: 36084 | C7: 2.33223e-05 | D7: ='AZ6 RZ1'!C7-'AZ5 RZ1'!C7 -> 5.776e-07 | E7: =D7/C7 -> 0.024765996
B8: 36086 | C8: 3.95523e-05 | D8: ='AZ6 RZ1'!C8-'AZ5 RZ1'!C8 -> 9.149e-07 | E8: =D8/C8 -> 0.023131398
B9: 37085 | C9: 2.26712e-05 | D9: ='AZ6 RZ1'!C9-'AZ5 RZ1'!C9 -> 5.275e-07 | E9: =D9/C9 -> 0.023267405
B10: 37087 | C10: 5.50308e-05 | D10: ='AZ6 RZ1'!C10-'AZ5 RZ1'!C10 -> 1.268e-06 | E10: =D10/C10 -> 0.023041642
B11: 38088 | C11: 7.48816e-05 | D11: ='AZ6 RZ1'!C11-'AZ5 RZ1'!C11 -> 1.7297e-06 | E11: =D11/C11 -> 0.023099132
B12: 38089 | C12: 2.31023e-05 | D12: ='AZ6 RZ1'!C12-'AZ5 RZ1'!C12 -> 2.329e-07 | E12: =D12/C12 -> 0.010081247
B13: 38090 | C13: 0.000120316 | D13: ='AZ6 RZ1'!C13-'AZ5 RZ1'!C13 -> 2.742e-06 | E13: =D13/C13 -> 0.022789986
B14: 39089 | C14: 7.65334e-05 | D14: ='AZ6 RZ1'!C14-'AZ5 RZ1'!C14 -> 2.0514e-06 | E14: =D14/C14 -> 0.026803984
B15: 39091 | C15: 3.25229e-05 | D15: ='AZ6 RZ1'!C15-'AZ5 RZ1'!C15 -> 4.114e-07 | E15: =D15/C15 -> 0.012649548
... B78: 63155 | C78: 5.57309e-07 | D78: ='AZ6 RZ1'!C78-'AZ5 RZ1'!C78 -> 1.8811e-08 | E78: =D78/C78 -> 0.033753268
A79: Gd-157 | B79: 64157 | C79: 1.7036e-08 | D79: ='AZ6 RZ1'!C79-'AZ5 RZ1'!C79 -> 5.727e-10 | E79: =D79/C79 -> 0.033617046
B80: 92235 | C80: 0.00228742 | D80: ='AZ6 RZ1'!C80-'AZ5 RZ1'!C80 -> -5.191e-05 | E80: =D80/C80 -> -0.02269369
B81: 92236 | C81: 0.00042486 | D81: ='AZ6 RZ1'!C81-'AZ5 RZ1'!C81 -> 8.724e-06 | E81: =D81/C81 -> 0.020533823
B82: 92237 | C82: 2.9122e-06 | D82: ='AZ6 RZ1'!C82-'AZ5 RZ1'!C82 -> -6.573e-08 | E82: =D82/C82 -> -0.022570565
A83: U238 | B83: 92238 | C83: 0.017968 | D83: ='AZ6 RZ1'!C83-'AZ5 RZ1'!C83 -> -3.25e-05 | E83: =D83/C83 -> -0.0018087711
B84: 93237 | C84: 2.94482e-05 | D84: ='AZ6 RZ1'!C84-'AZ5 RZ1'!C84 -> 1.3443e-06 | E84: =D84/C84 -> 0.045649649
B85: 93239 | C85: 1.87709e-05 | D85: ='AZ6 RZ1'!C85-'AZ5 RZ1'!C85 -> -1.5814e-06 | E85: =D85/C85 -> -0.084247426
B86: 94238 | C86: 7.84962e-06 | D86: ='AZ6 RZ1'!C86-'AZ5 RZ1'!C86 -> 4.5025e-07 | E86: =D86/C86 -> 0.057359465
B87: 94239 | C87: 0.000250198 | D87: ='AZ6 RZ1'!C87-'AZ5 RZ1'!C87 -> 8.349e-06 | E87: =D87/C87 -> 0.033369571
B88: 94240 | C88: 7.7253e-05 | D88: ='AZ6 RZ1'!C88-'AZ5 RZ1'!C88 -> 1.297e-06 | E88: =D88/C88 -> 0.016788992
B89: 94241 | C89: 7.54597e-05 | D89: ='AZ6 RZ1'!C89-'AZ5 RZ1'!C89 -> 2.5978e-06 | E89: =D89/C89 -> 0.034426323
B90: 94242 | C90: 2.74796e-05 | D90: ='AZ6 RZ1'!C90-'AZ5 RZ1'!C90 -> 1.1419e-06 | E90: =D90/C90 -> 0.041554462
B91: 95241 | C91: 6.77853e-07 | D91: ='AZ6 RZ1'!C91-'AZ5 RZ1'!C91 -> 1.992e-08 | E91: =D91/C91 -> 0.029386902
B92: 95243 | C92: 5.20298e-06 | D92: ='AZ6 RZ1'!C92-'AZ5 RZ1'!C92 -> 3.3665e-07 | E92: =D92/C92 -> 0.064703305
D93: Media error | E93: =AVERAGE(E4:E92) -> 0.018843894
D94: Desv. Est. | E94: =STDEVA(E4:E92) -> 0.025236799

Sheet AZ1 RZ1
B3: Isotope [ZZAAA] | C3: Number Density [atom/b/cm] | D3: Dif | E3: Error
B4: 6012 | C4: 0.0118212 | D4: ='AZ6 RZ1'!C4-'AZ1 RZ1'!C4 -> -1e-07 | E4: =D4/C4 -> -8.4593781e-06
B5: 8016 | C5: 0.0354634 | D5: ='AZ6 RZ1'!C5-'AZ1 RZ1'!C5 -> 0 | E5: =D5/C5 -> 0
B6: 36083 | C6: 8.88952e-06 | D6: ='AZ6 RZ1'!C6-'AZ1 RZ1'!C6 -> 1.19458e-06 | E6: =D6/C6 -> 0.13438071
B7: 36084 | C7: 2.05959e-05 | D7: ='AZ6 RZ1'!C7-'AZ1 RZ1'!C7 -> 3.304e-06 | E7: =D7/C7 -> 0.16042028
B8: 36086 | C8: 3.51593e-05 | D8: ='AZ6 RZ1'!C8-'AZ1 RZ1'!C8 -> 5.3079e-06 | E8: =D8/C8 -> 0.15096717
B9: 37085 | C9: 2.01511e-05 | D9: ='AZ6 RZ1'!C9-'AZ1 RZ1'!C9 -> 3.0476e-06 | E9: =D9/C9 -> 0.1512374
B10: 37087 | C10: 4.89367e-05 | D10: ='AZ6 RZ1'!C10-'AZ1 RZ1'!C10 -> 7.3621e-06 | E10: =D10/C10 -> 0.15044128
B11: 38088 | C11: 6.65766e-05 | D11: ='AZ6 RZ1'!C11-'AZ1 RZ1'!C11 -> 1.00347e-05 | E11: =D11/C11 -> 0.15072413
B12: 38089 | C12: 1.96928e-05 | D12: ='AZ6 RZ1'!C12-'AZ1 RZ1'!C12 -> 3.6424e-06 | E12: =D12/C12 -> 0.184961
B13: 38090 | C13: 0.000107054 | D13: ='AZ6 RZ1'!C13-'AZ1 RZ1'!C13 -> 1.6004e-05 | E13: =D13/C13 -> 0.14949465
B14: 39089 | C14: 6.89426e-05 | D14: ='AZ6 RZ1'!C14-'AZ1 RZ1'!C14 -> 9.6422e-06 | E14: =D14/C14 -> 0.13985837
B15: 39091 | C15: 2.7884e-05 | D15: ='AZ6 RZ1'!C15-'AZ1 RZ1'!C15 -> 5.0503e-06 | E15: =D15/C15 -> 0.1811182
... B78: 63155 | C78: 5.11734e-07 | D78: ='AZ6 RZ1'!C78-'AZ1 RZ1'!C78 -> 6.4386e-08 | E78: =D78/C78 -> 0.12581927
A79: Gd-157
B80: 92235 | C80: 0.00254274 | D80: ='AZ6 RZ1'!C80-'AZ1 RZ1'!C80 -> -0.00030723 | E80: =D80/C80 -> -0.12082635
B81: 92236 | C81: 0.000380981 | D81: ='AZ6 RZ1'!C81-'AZ1 RZ1'!C81 -> 5.2603e-05 | E81: =D81/C81 -> 0.1380725
B82: 92237 | C82: 1.64444e-06 | D82: ='AZ6 RZ1'!C82-'AZ1 RZ1'!C82 -> 1.20203e-06 | E82: =D82/C82 -> 0.73096616
A83: U238 | B83: 92238 | C83: 0.0181169 | D83: ='AZ6 RZ1'!C83-'AZ1 RZ1'!C83 -> -0.0001814 | E83: =D83/C83 -> -0.010012751
B84: 93237 | C84: 2.50897e-05 | D84: ='AZ6 RZ1'!C84-'AZ1 RZ1'!C84 -> 5.7028e-06 | E84: =D84/C84 -> 0.22729646
B85: 93239 | C85: 1.3974e-05 | D85: ='AZ6 RZ1'!C85-'AZ1 RZ1'!C85 -> 3.2155e-06 | E85: =D85/C85 -> 0.23010591
B86: 94238 | C86: 6.12445e-06 | D86: ='AZ6 RZ1'!C86-'AZ1 RZ1'!C86 -> 2.17542e-06 | E86: =D86/C86 -> 0.35520251
B87: 94239 | C87: 0.000213993 | D87: ='AZ6 RZ1'!C87-'AZ1 RZ1'!C87 -> 4.4554e-05 | E87: =D87/C87 -> 0.20820307
B88: 94240 | C88: 7.35324e-05 | D88: ='AZ6 RZ1'!C88-'AZ1 RZ1'!C88 -> 5.0176e-06 | E88: =D88/C88 -> 0.068236587
B89: 94241 | C89: 6.26057e-05 | D89: ='AZ6 RZ1'!C89-'AZ1 RZ1'!C89 -> 1.54518e-05 | E89: =D89/C89 -> 0.24681139
B90: 94242 | C90: 2.26541e-05 | D90: ='AZ6 RZ1'!C90-'AZ1 RZ1'!C90 -> 5.9674e-06 | E90: =D90/C90 -> 0.26341369
B91: 95241 | C91: 6.43873e-07 | D91: ='AZ6 RZ1'!C91-'AZ1 RZ1'!C91 -> 5.39e-08 | E91: =D91/C91 -> 0.083712161
B92: 95243 | C92: 3.84081e-06 | D92: ='AZ6 RZ1'!C92-'AZ1 RZ1'!C92 -> 1.69882e-06 | E92: =D92/C92 -> 0.44230774
D93: Media error | E93: =AVERAGE(E4:E92) -> 0.17278752
D94: Desv. Est. | E94: =STDEVA(E4:E92) -> 0.10781124

Sheet AZ1 RZ4 
B3: Isotope [ZZAAA] | C3: Number Density [atom/b/cm] | D3: Dif | E3: Error
B4: 6012 | C4: 0.0118212 | D4: ='AZ6 RZ1'!C4-'AZ1 RZ4 '!C4 -> -1e-07 | E4: =D4/C4 -> -8.4593781e-06
B5: 8016 | C5: 0.0354634 | D5: ='AZ6 RZ1'!C5-'AZ1 RZ4 '!C5 -> 0 | E5: =D5/C5 -> 0
B6: 36083 | C6: 8.82282e-06 | D6: ='AZ6 RZ1'!C6-'AZ1 RZ4 '!C6 -> 1.26128e-06 | E6: =D6/C6 -> 0.14295656
B7: 36084 | C7: 2.04092e-05 | D7: ='AZ6 RZ1'!C7-'AZ1 RZ4 '!C7 -> 3.4907e-06 | E7: =D7/C7 -> 0.17103561
B8: 36086 | C8: 3.48531e-05 | D8: ='AZ6 RZ1'!C8-'AZ1 RZ4 '!C8 -> 5.6141e-06 | E8: =D8/C8 -> 0.16107893
B9: 37085 | C9: 1.99852e-05 | D9: ='AZ6 RZ1'!C9-'AZ1 RZ4 '!C9 -> 3.2135e-06 | E9: =D9/C9 -> 0.16079399
B10: 37087 | C10: 4.85168e-05 | D10: ='AZ6 RZ1'!C10-'AZ1 RZ4 '!C10 -> 7.782e-06 | E10: =D10/C10 -> 0.16039805
B11: 38088 | C11: 6.60138e-05 | D11: ='AZ6 RZ1'!C11-'AZ1 RZ4 '!C11 -> 1.05975e-05 | E11: =D11/C11 -> 0.16053462
B12: 38089 | C12: 1.89567e-05 | D12: ='AZ6 RZ1'!C12-'AZ1 RZ4 '!C12 -> 4.3785e-06 | E12: =D12/C12 -> 0.23097375
B13: 38090 | C13: 0.000106115 | D13: ='AZ6 RZ1'!C13-'AZ1 RZ4 '!C13 -> 1.6943e-05 | E13: =D13/C13 -> 0.1596664
B14: 39089 | C14: 6.89123e-05 | D14: ='AZ6 RZ1'!C14-'AZ1 RZ4 '!C14 -> 9.6725e-06 | E14: =D14/C14 -> 0.14035956
B15: 39091 | C15: 2.70367e-05 | D15: ='AZ6 RZ1'!C15-'AZ1 RZ4 '!C15 -> 5.8976e-06 | E15: =D15/C15 -> 0.21813313
... B78: 63155 | C78: 5.20662e-07 | D78: ='AZ6 RZ1'!C78-'AZ1 RZ4 '!C78 -> 5.5458e-08 | E78: =D78/C78 -> 0.1065144
A79: Gd-157
B80: 92235 | C80: 0.00256119 | D80: ='AZ6 RZ1'!C80-'AZ1 RZ4 '!C80 -> -0.00032568 | E80: =D80/C80 -> -0.12715964
B81: 92236 | C81: 0.000377641 | D81: ='AZ6 RZ1'!C81-'AZ1 RZ4 '!C81 -> 5.5943e-05 | E81: =D81/C81 -> 0.14813805
B82: 92237 | C82: 1.17962e-06 | D82: ='AZ6 RZ1'!C82-'AZ1 RZ4 '!C82 -> 1.66685e-06 | E82: =D82/C82 -> 1.4130398
A83: U238 | B83: 92238 | C83: 0.0181293 | D83: ='AZ6 RZ1'!C83-'AZ1 RZ4 '!C83 -> -0.0001938 | E83: =D83/C83 -> -0.010689878
B84: 93237 | C84: 2.50849e-05 | D84: ='AZ6 RZ1'!C84-'AZ1 RZ4 '!C84 -> 5.7076e-06 | E84: =D84/C84 -> 0.2275313
B85: 93239 | C85: 8.47508e-06 | D85: ='AZ6 RZ1'!C85-'AZ1 RZ4 '!C85 -> 8.71442e-06 | E85: =D85/C85 -> 1.0282404
B86: 94238 | C86: 6.05682e-06 | D86: ='AZ6 RZ1'!C86-'AZ1 RZ4 '!C86 -> 2.24305e-06 | E86: =D86/C86 -> 0.3703346
B87: 94239 | C87: 0.000213738 | D87: ='AZ6 RZ1'!C87-'AZ1 RZ4 '!C87 -> 4.4809e-05 | E87: =D87/C87 -> 0.20964452
B88: 94240 | C88: 7.39576e-05 | D88: ='AZ6 RZ1'!C88-'AZ1 RZ4 '!C88 -> 4.5924e-06 | E88: =D88/C88 -> 0.062095038
B89: 94241 | C89: 6.10741e-05 | D89: ='AZ6 RZ1'!C89-'AZ1 RZ4 '!C89 -> 1.69834e-05 | E89: =D89/C89 -> 0.2780786
B90: 94242 | C90: 2.24036e-05 | D90: ='AZ6 RZ1'!C90-'AZ1 RZ4 '!C90 -> 6.2179e-06 | E90: =D90/C90 -> 0.27754022
B91: 95241 | C91: 6.57046e-07 | D91: ='AZ6 RZ1'!C91-'AZ1 RZ4 '!C91 -> 4.0727e-08 | E91: =D91/C91 -> 0.061985006
B92: 95243 | C92: 3.73972e-06 | D92: ='AZ6 RZ1'!C92-'AZ1 RZ4 '!C92 -> 1.79991e-06 | E92: =D92/C92 -> 0.48129539
D93: Media error | E93: =AVERAGE(E4:E92) -> 0.21479179
D94: Desv. Est. | E94: =STDEVA(E4:E92) -> 0.18909077

Sheet AZ6 RZ4 
B3: Isotope [ZZAAA] | C3: Number Density [atom/b/cm] | D3: Dif | E3: Error
B4: 6012 | C4: 0.0118211 | D4: ='AZ6 RZ1'!C4-'AZ6 RZ4 '!C4 -> 0 | E4: =D4/C4 -> 0
B5: 8016 | C5: 0.0354634 | D5: ='AZ6 RZ1'!C5-'AZ6 RZ4 '!C5 -> 0 | E5: =D5/C5 -> 0
B6: 36083 | C6: 9.8734e-06 | D6: ='AZ6 RZ1'!C6-'AZ6 RZ4 '!C6 -> 2.107e-07 | E6: =D6/C6 -> 0.021340167
B7: 36084 | C7: 2.32329e-05 | D7: ='AZ6 RZ1'!C7-'AZ6 RZ4 '!C7 -> 6.67e-07 | E7: =D7/C7 -> 0.028709287
B8: 36086 | C8: 3.94388e-05 | D8: ='AZ6 RZ1'!C8-'AZ6 RZ4 '!C8 -> 1.0284e-06 | E8: =D8/C8 -> 0.026075844
B9: 37085 | C9: 2.26242e-05 | D9: ='AZ6 RZ1'!C9-'AZ6 RZ4 '!C9 -> 5.745e-07 | E9: =D9/C9 -> 0.025393163
B10: 37087 | C10: 5.48845e-05 | D10: ='AZ6 RZ1'!C10-'AZ6 RZ4 '!C10 -> 1.4143e-06 | E10: =D10/C10 -> 0.02576866
B11: 38088 | C11: 7.46828e-05 | D11: ='AZ6 RZ1'!C11-'AZ6 RZ4 '!C11 -> 1.9285e-06 | E11: =D11/C11 -> 0.025822545
B12: 38089 | C12: 2.14296e-05 | D12: ='AZ6 RZ1'!C12-'AZ6 RZ4 '!C12 -> 1.9056e-06 | E12: =D12/C12 -> 0.088923732
B13: 38090 | C13: 0.000119938 | D13: ='AZ6 RZ1'!C13-'AZ6 RZ4 '!C13 -> 3.12e-06 | E13: =D13/C13 -> 0.02601344
B14: 39089 | C14: 7.79376e-05 | D14: ='AZ6 RZ1'!C14-'AZ6 RZ4 '!C14 -> 6.472e-07 | E14: =D14/C14 -> 0.0083040792
B15: 39091 | C15: 3.04274e-05 | D15: ='AZ6 RZ1'!C15-'AZ6 RZ4 '!C15 -> 2.5069e-06 | E15: =D15/C15 -> 0.082389557
... B78: 63155 | C78: 5.94443e-07 | D78: ='AZ6 RZ1'!C78-'AZ6 RZ4 '!C78 -> -1.8323e-08 | E78: =D78/C78 -> -0.030823813
A79: Gd-157 | B79: 64157 | C79: 1.07352e-08 | D79: ='AZ6 RZ1'!C79-'AZ6 RZ4 '!C79 -> 6.8735e-09 | E79: =D79/C79 -> 0.64027685
B80: 92235 | C80: 0.00229646 | D80: ='AZ6 RZ1'!C80-'AZ6 RZ4 '!C80 -> -6.095e-05 | E80: =D80/C80 -> -0.02654085
B81: 92236 | C81: 0.000421706 | D81: ='AZ6 RZ1'!C81-'AZ6 RZ4 '!C81 -> 1.1878e-05 | E81: =D81/C81 -> 0.028166543
B82: 92237 | C82: 1.74747e-06 | D82: ='AZ6 RZ1'!C82-'AZ6 RZ4 '!C82 -> 1.099e-06 | E82: =D82/C82 -> 0.62890922
A83: U238 | B83: 92238 | C83: 0.0180166 | D83: ='AZ6 RZ1'!C83-'AZ6 RZ4 '!C83 -> -8.11e-05 | E83: =D83/C83 -> -0.0045014043
B84: 93237 | C84: 2.84765e-05 | D84: ='AZ6 RZ1'!C84-'AZ6 RZ4 '!C84 -> 2.316e-06 | E84: =D84/C84 -> 0.08133022
B85: 93239 | C85: 1.08669e-05 | D85: ='AZ6 RZ1'!C85-'AZ6 RZ4 '!C85 -> 6.3226e-06 | E85: =D85/C85 -> 0.58182186
B86: 94238 | C86: 7.47596e-06 | D86: ='AZ6 RZ1'!C86-'AZ6 RZ4 '!C86 -> 8.2391e-07 | E86: =D86/C86 -> 0.11020792
B87: 94239 | C87: 0.000219773 | D87: ='AZ6 RZ1'!C87-'AZ6 RZ4 '!C87 -> 3.8774e-05 | E87: =D87/C87 -> 0.1764275
B88: 94240 | C88: 8.31098e-05 | D88: ='AZ6 RZ1'!C88-'AZ6 RZ4 '!C88 -> -4.5598e-06 | E88: =D88/C88 -> -0.054864769
B89: 94241 | C89: 6.71299e-05 | D89: ='AZ6 RZ1'!C89-'AZ6 RZ4 '!C89 -> 1.09276e-05 | E89: =D89/C89 -> 0.1627829
B90: 94242 | C90: 2.75588e-05 | D90: ='AZ6 RZ1'!C90-'AZ6 RZ4 '!C90 -> 1.0627e-06 | E90: =D90/C90 -> 0.038561186
B91: 95241 | C91: 7.28052e-07 | D91: ='AZ6 RZ1'!C91-'AZ6 RZ4 '!C91 -> -3.0279e-08 | E91: =D91/C91 -> -0.041589062
B92: 95243 | C92: 4.77689e-06 | D92: ='AZ6 RZ1'!C92-'AZ6 RZ4 '!C92 -> 7.6274e-07 | E92: =D92/C92 -> 0.15967293
D93: Media error | E93: =AVERAGE(E4:E92) -> 0.068980473
D94: Desv. Est. | E94: =STDEVA(E4:E92) -> 0.11883824

Sheet AZ10 RZ1
B3: Isotope [ZZAAA] | C3: Number Density [atom/b/cm] | D3: Dif | E3: Error
B4: 6012 | C4: 0.0118211 | D4: ='AZ6 RZ1'!C4-'AZ10 RZ1'!C4 -> 0 | E4: =D4/C4 -> 0
B5: 8016 | C5: 0.0354634 | D5: ='AZ6 RZ1'!C5-'AZ10 RZ1'!C5 -> 0 | E5: =D5/C5 -> 0
B6: 36083 | C6: 1.06421e-05 | D6: ='AZ6 RZ1'!C6-'AZ10 RZ1'!C6 -> -5.58e-07 | E6: =D6/C6 -> -0.05243326
B7: 36084 | C7: 2.55378e-05 | D7: ='AZ6 RZ1'!C7-'AZ10 RZ1'!C7 -> -1.6379e-06 | E7: =D7/C7 -> -0.0641363
B8: 36086 | C8: 4.30376e-05 | D8: ='AZ6 RZ1'!C8-'AZ10 RZ1'!C8 -> -2.5704e-06 | E8: =D8/C8 -> -0.05972452
B9: 37085 | C9: 2.4694e-05 | D9: ='AZ6 RZ1'!C9-'AZ10 RZ1'!C9 -> -1.4953e-06 | E9: =D9/C9 -> -0.060553171
B10: 37087 | C10: 5.98594e-05 | D10: ='AZ6 RZ1'!C10-'AZ10 RZ1'!C10 -> -3.5606e-06 | E10: =D10/C10 -> -0.059482721
B11: 38088 | C11: 8.14698e-05 | D11: ='AZ6 RZ1'!C11-'AZ10 RZ1'!C11 -> -4.8585e-06 | E11: =D11/C11 -> -0.059635595
B12: 38089 | C12: 2.16614e-05 | D12: ='AZ6 RZ1'!C12-'AZ10 RZ1'!C12 -> 1.6738e-06 | E12: =D12/C12 -> 0.077271091
B13: 38090 | C13: 0.000130679 | D13: ='AZ6 RZ1'!C13-'AZ10 RZ1'!C13 -> -7.621e-06 | E13: =D13/C13 -> -0.058318475
B14: 39089 | C14: 8.66656e-05 | D14: ='AZ6 RZ1'!C14-'AZ10 RZ1'!C14 -> -8.0808e-06 | E14: =D14/C14 -> -0.093241148
B15: 39091 | C15: 3.11958e-05 | D15: ='AZ6 RZ1'!C15-'AZ10 RZ1'!C15 -> 1.7385e-06 | E15: =D15/C15 -> 0.055728656
... B78: 63155 | C78: 6.5726e-07 | D78: ='AZ6 RZ1'!C78-'AZ10 RZ1'!C78 -> -8.114e-08 | E78: =D78/C78 -> -0.12345191
A79: Gd-157 | B79: 64157 | C79: 1.4265e-08 | D79: ='AZ6 RZ1'!C79-'AZ10 RZ1'!C79 -> 3.3437e-09 | E79: =D79/C79 -> 0.23439888
B80: 92235 | C80: 0.00209242 | D80: ='AZ6 RZ1'!C80-'AZ10 RZ1'!C80 -> 0.00014309 | E80: =D80/C80 -> 0.068384932
B81: 92236 | C81: 0.000457117 | D81: ='AZ6 RZ1'!C81-'AZ10 RZ1'!C81 -> -2.3533e-05 | E81: =D81/C81 -> -0.051481349
B82: 92237 | C82: 1.77531e-06 | D82: ='AZ6 RZ1'!C82-'AZ10 RZ1'!C82 -> 1.07116e-06 | E82: =D82/C82 -> 0.60336505
A83: U238 | B83: 92238 | C83: 0.017846 | D83: ='AZ6 RZ1'!C83-'AZ10 RZ1'!C83 -> 8.95e-05 | E83: =D83/C83 -> 0.0050151294
B84: 93237 | C84: 3.54381e-05 | D84: ='AZ6 RZ1'!C84-'AZ10 RZ1'!C84 -> -4.6456e-06 | E84: =D84/C84 -> -0.13109055
B85: 93239 | C85: 8.31884e-06 | D85: ='AZ6 RZ1'!C85-'AZ10 RZ1'!C85 -> 8.87066e-06 | E85: =D85/C85 -> 1.0663338
B86: 94238 | C86: 9.74217e-06 | D86: ='AZ6 RZ1'!C86-'AZ10 RZ1'!C86 -> -1.4423e-06 | E86: =D86/C86 -> -0.1480471
B87: 94239 | C87: 0.000278661 | D87: ='AZ6 RZ1'!C87-'AZ10 RZ1'!C87 -> -2.0114e-05 | E87: =D87/C87 -> -0.072180894
B88: 94240 | C88: 8.4128e-05 | D88: ='AZ6 RZ1'!C88-'AZ10 RZ1'!C88 -> -5.578e-06 | E88: =D88/C88 -> -0.066303728
B89: 94241 | C89: 8.40941e-05 | D89: ='AZ6 RZ1'!C89-'AZ10 RZ1'!C89 -> -6.0366e-06 | E89: =D89/C89 -> -0.071783871
B90: 94242 | C90: 3.21572e-05 | D90: ='AZ6 RZ1'!C90-'AZ10 RZ1'!C90 -> -3.5357e-06 | E90: =D90/C90 -> -0.10995049
B91: 95241 | C91: 8.37583e-07 | D91: ='AZ6 RZ1'!C91-'AZ10 RZ1'!C91 -> -1.3981e-07 | E91: =D91/C91 -> -0.16692077
B92: 95243 | C92: 6.50945e-06 | D92: ='AZ6 RZ1'!C92-'AZ10 RZ1'!C92 -> -9.6982e-07 | E92: =D92/C92 -> -0.14898647
D93: Media error | E93: =AVERAGE(E4:E92) -> 0.0003683844
D94: Desv. Est. | E94: =STDEVA(E4:E92) -> 0.2026368

Sheet AZ10 RZ4
B3: Isotope [ZZAAA] | C3: Number Density [atom/b/cm] | D3: Dif | E3: Error
B4: 6012 | C4: 0.0118211 | D4: ='AZ6 RZ1'!C4-'AZ10 RZ4'!C4 -> 0 | E4: =D4/C4 -> 0
B5: 8016 | C5: 0.0354634 | D5: ='AZ6 RZ1'!C5-'AZ10 RZ4'!C5 -> 0 | E5: =D5/C5 -> 0
B6: 36083 | C6: 1.03612e-05 | D6: ='AZ6 RZ1'!C6-'AZ10 RZ4'!C6 -> -2.771e-07 | E6: =D6/C6 -> -0.026744006
B7: 36084 | C7: 2.46145e-05 | D7: ='AZ6 RZ1'!C7-'AZ10 RZ4'!C7 -> -7.146e-07 | E7: =D7/C7 -> -0.029031668
B8: 36086 | C8: 4.16391e-05 | D8: ='AZ6 RZ1'!C8-'AZ10 RZ4'!C8 -> -1.1719e-06 | E8: =D8/C8 -> -0.02814422
B9: 37085 | C9: 2.3913e-05 | D9: ='AZ6 RZ1'!C9-'AZ10 RZ4'!C9 -> -7.143e-07 | E9: =D9/C9 -> -0.029870782
B10: 37087 | C10: 5.79417e-05 | D10: ='AZ6 RZ1'!C10-'AZ10 RZ4'!C10 -> -1.6429e-06 | E10: =D10/C10 -> -0.028354363
B11: 38088 | C11: 7.8855e-05 | D11: ='AZ6 RZ1'!C11-'AZ10 RZ4'!C11 -> -2.2437e-06 | E11: =D11/C11 -> -0.028453491
B12: 38089 | C12: 1.96232e-05 | D12: ='AZ6 RZ1'!C12-'AZ10 RZ4'!C12 -> 3.712e-06 | E12: =D12/C12 -> 0.18916385
B13: 38090 | C13: 0.000126464 | D13: ='AZ6 RZ1'!C13-'AZ10 RZ4'!C13 -> -3.406e-06 | E13: =D13/C13 -> -0.026932566
B14: 39089 | C14: 8.52507e-05 | D14: ='AZ6 RZ1'!C14-'AZ10 RZ4'!C14 -> -6.6659e-06 | E14: =D14/C14 -> -0.078191733
B15: 39091 | C15: 2.84158e-05 | D15: ='AZ6 RZ1'!C15-'AZ10 RZ4'!C15 -> 4.5185e-06 | E15: =D15/C15 -> 0.15901365
... B78: 63155 | C78: 6.38658e-07 | D78: ='AZ6 RZ1'!C78-'AZ10 RZ4'!C78 -> -6.2538e-08 | E78: =D78/C78 -> -0.097920953
A79: Gd-157
B80: 92235 | C80: 0.00217181 | D80: ='AZ6 RZ1'!C80-'AZ10 RZ4'!C80 -> 6.37e-05 | E80: =D80/C80 -> 0.029330374
B81: 92236 | C81: 0.000441968 | D81: ='AZ6 RZ1'!C81-'AZ10 RZ4'!C81 -> -8.384e-06 | E81: =D81/C81 -> -0.018969699
B82: 92237 | C82: 1.04429e-06 | D82: ='AZ6 RZ1'!C82-'AZ10 RZ4'!C82 -> 1.80218e-06 | E82: =D82/C82 -> 1.7257467
A83: U238 | B83: 92238 | C83: 0.0179619 | D83: ='AZ6 RZ1'!C83-'AZ10 RZ4'!C83 -> -2.64e-05 | E83: =D83/C83 -> -0.0014697777
B84: 93237 | C84: 3.11792e-05 | D84: ='AZ6 RZ1'!C84-'AZ10 RZ4'!C84 -> -3.867e-07 | E84: =D84/C84 -> -0.012402499
B85: 93239 | C85: 4.99676e-06 | D85: ='AZ6 RZ1'!C85-'AZ10 RZ4'!C85 -> 1.219274e-05 | E85: =D85/C85 -> 2.4401292
B86: 94238 | C86: 8.36609e-06 | D86: ='AZ6 RZ1'!C86-'AZ10 RZ4'!C86 -> -6.622e-08 | E86: =D86/C86 -> -0.0079152866
B87: 94239 | C87: 0.000225274 | D87: ='AZ6 RZ1'!C87-'AZ10 RZ4'!C87 -> 3.3273e-05 | E87: =D87/C87 -> 0.14770013
B88: 94240 | C88: 8.8009e-05 | D88: ='AZ6 RZ1'!C88-'AZ10 RZ4'!C88 -> -9.459e-06 | E88: =D88/C88 -> -0.10747764
B89: 94241 | C89: 6.9693e-05 | D89: ='AZ6 RZ1'!C89-'AZ10 RZ4'!C89 -> 8.3645e-06 | E89: =D89/C89 -> 0.12001923
B90: 94242 | C90: 3.03654e-05 | D90: ='AZ6 RZ1'!C90-'AZ10 RZ4'!C90 -> -1.7439e-06 | E90: =D90/C90 -> -0.057430497
B91: 95241 | C91: 8.47795e-07 | D91: ='AZ6 RZ1'!C91-'AZ10 RZ4'!C91 -> -1.50022e-07 | E91: =D91/C91 -> -0.17695551
B92: 95243 | C92: 5.35548e-06 | D92: ='AZ6 RZ1'!C92-'AZ10 RZ4'!C92 -> 1.8415e-07 | E92: =D92/C92 -> 0.03438534
D93: Media error | E93: =AVERAGE(E4:E92) -> 0.099473435
D94: Desv. Est. | E94: =STDEVA(E4:E92) -> 0.39330262
